#
# A fatal error has been detected by the Java Runtime Environment:
#
#  EXCEPTION_ACCESS_VIOLATION (0xc0000005) at pc=0x00007fff6524cad1, pid=11304, tid=29372
#
# JRE version: OpenJDK Runtime Environment Temurin-21.0.11+10 (21.0.11+10) (build 21.0.11+10-LTS)
# Java VM: OpenJDK 64-Bit Server VM Temurin-21.0.11+10 (21.0.11+10-LTS, mixed mode, sharing, tiered, compressed oops, compressed class ptrs, g1 gc, windows-amd64)
# Problematic frame:
# V  [jvm.dll+0xcad1]
#
# No core dump will be written. Minidumps are not enabled by default on client versions of Windows
#
# If you would like to submit a bug report, please visit:
#   https://github.com/adoptium/adoptium-support/issues
#

---------------  S U M M A R Y ------------

Command Line: -XX:HeapDumpPath=MojangTricksIntelDriversForPerformance_javaw.exe_minecraft.exe.heapdump -Xss1M -Djava.library.path=C:\Users\saund\GamingContent\CurseForge\Install\natives\neoforge-21.1.249 -Djna.tmpdir=C:\Users\saund\GamingContent\CurseForge\Install\natives\neoforge-21.1.249 -Dorg.lwjgl.system.SharedLibraryExtractPath=C:\Users\saund\GamingContent\CurseForge\Install\natives\neoforge-21.1.249 -Dio.netty.native.workdir=C:\Users\saund\GamingContent\CurseForge\Install\natives\neoforge-21.1.249 -Dminecraft.launcher.brand=CurseForge -Dminecraft.launcher.version=1.319.0.38738 -Djava.net.preferIPv6Addresses=system -DignoreList=client-extra,neoforge-21.1.249.jar -DlibraryDirectory=C:\Users\saund\GamingContent\CurseForge\Install\libraries --module-path=C:\Users\saund\GamingContent\CurseForge\Install\libraries/cpw/mods/bootstraplauncher/2.0.2/bootstraplauncher-2.0.2.jar;C:\Users\saund\GamingContent\CurseForge\Install\libraries/cpw/mods/securejarhandler/3.0.8/securejarhandler-3.0.8.jar;C:\Users\saund\GamingContent\CurseForge\Install\libraries/org/ow2/asm/asm-commons/9.10.1/asm-commons-9.10.1.jar;C:\Users\saund\GamingContent\CurseForge\Install\libraries/org/ow2/asm/asm-util/9.10.1/asm-util-9.10.1.jar;C:\Users\saund\GamingContent\CurseForge\Install\libraries/org/ow2/asm/asm-analysis/9.10.1/asm-analysis-9.10.1.jar;C:\Users\saund\GamingContent\CurseForge\Install\libraries/org/ow2/asm/asm-tree/9.10.1/asm-tree-9.10.1.jar;C:\Users\saund\GamingContent\CurseForge\Install\libraries/org/ow2/asm/asm/9.10.1/asm-9.10.1.jar;C:\Users\saund\GamingContent\CurseForge\Install\libraries/net/neoforged/JarJarFileSystems/0.4.1/JarJarFileSystems-0.4.1.jar --add-modules=ALL-MODULE-PATH --add-opens=java.base/java.util.jar=cpw.mods.securejarhandler --add-opens=java.base/java.lang.invoke=cpw.mods.securejarhandler --add-exports=java.base/sun.security.util=cpw.mods.securejarhandler --add-exports=jdk.naming.dns/com.sun.jndi.dns=java.naming -Xmx8960m -Xms256m -Dfml.ignorePatchDiscrepancies=true -Dfml.ignoreInvalidMinecraftCertificates=true -DlibraryDirectory=C:\Users\saund\GamingContent\CurseForge\Install\libraries -Duser.language=en -DCFInstanceId=2e8cf633-6c67-4e46-94cc-ffd2dc14a8be -Dlog4j.configurationFile=C:\Users\saund\GamingContent\CurseForge\Install\assets\log_configs\client-1.12.xml cpw.mods.bootstraplauncher.BootstrapLauncher --username Benssy --version neoforge-21.1.249 --gameDir C:\Users\saund\GamingContent\CurseForge\Instances\Mingleton-Modpack --assetsDir C:\Users\saund\GamingContent\CurseForge\Install\assets --assetIndex 17 --uuid f225d7e8f62e41d68f893a20b30defb5 --accessToken eyJraWQiOiIwNDkxODEiLCJhbGciOiJSUzI1NiJ9.eyJ4dWlkIjoiMjUzNTQ0ODMyMTI5OTQ0NyIsImFnZyI6IkFkdWx0Iiwic3ViIjoiMDAwYjU4ZWUtMzk3ZC00MGE3LTgxOWMtYWIwYjM2YzJiZTM5IiwiYXV0aCI6IlhCT1giLCJwZmlkIjoiRjc3NTQ1NDU3QUZDM0I4NiIsIm5zIjoiZGVmYXVsdCIsInJvbGVzIjpbXSwiaXNzIjoiYXV0aGVudGljYXRpb24iLCJmbGFncyI6WyJtdWx0aXBsYXllciJdLCJwcm9maWxlcyI6eyJtYyI6ImYyMjVkN2U4LWY2MmUtNDFkNi04Zjg5LTNhMjBiMzBkZWZiNSJ9LCJtaWQiOiJGNzc1NDU0NTdBRkMzQjg2IiwicG1pZCI6ImY5MmIzZWFmLTgyM2UtNTY2NS1hNzkxLTM4YzY1NThhMmI5YiIsInBsYXRmb3JtIjoiUENfTEFVTkNIRVIiLCJ0aWQiOiJFOTlCMCIsInBmZCI6W3sidHlwZSI6Im1jIiwiaWQiOiJmMjI1ZDdlOC1mNjJlLTQxZDYtOGY4OS0zYTIwYjMwZGVmYjUiLCJuYW1lIjoiQmVuc3N5In1dLCJ4aWQiOiIyNTM1NDQ4MzIxMjk5NDQ3IiwibmJmIjoxNzg4NjkzNzE1LCJleHAiOjE3ODg3ODAxMTUsImlhdCI6MTc4ODY5MzcxNSwiYWlkIjoiZDViMmUwNzktMmMyYy00YWRlLTlkYWItMWMxZWIyMDQxNjJhIn0.TpITP1VNbMnXMF8zmgZB8EtPicwSnfT5ygYV7HZmYEeMBUtMs7oYbU_7QNxUcEPFlh9d8TpoIv0GZXOMFL-YXdbCu2sWHjspO4bPbfV5Rx67KJrfktqQrJoUJ9szcBi1w7wvgiEb_AbmEZCf4-93FFS11TLP6MAaM8nlN0lyKOzNT7zJJ43kSmbE3Vmlb_Pb7OwaycxRXdXVil3la3QcijCV3_fyKxi4-iJwBm2pxGjxKiUCgCgngvJXWn-zx58ExfnP85tPQAkOSqxWlao4RyRlH-bt6Q8ontUB96RnWxVVjwjO1lE0tpEjjl6EochIPHpERRaBoA40id4htf9RNQ --clientId ce0e67-35358a-1ffdba-f89ff4-7523b6 --xuid 2535448321299447 --userType msa --versionType release --width 1024 --height 768 --quickPlayPath C:\Users\saund\GamingContent\CurseForge\Quickplay\2e8cf633-6c67-4e46-94cc-ffd2dc14a8be.json    --fml.neoForgeVersion 21.1.249 --fml.fmlVersion 4.0.44 --fml.mcVersion 1.21.1 --fml.neoFormVersion 20240808.144430 --launchTarget forgeclient

Host: Intel(R) Core(TM) i7-10700KF CPU @ 3.80GHz, 16 cores, 31G,  Windows 10 , 64 bit Build 19041 (10.0.19041.5915)
Time: Mon Sep  7 20:58:33 2026 AUS Eastern Standard Time elapsed time: 777.835364 seconds (0d 0h 12m 57s)

---------------  T H R E A D  ---------------

Current thread (0x0000027093e05f30):  WorkerThread "G1 Conc#1"      [id=29372, stack(0x000000be75a00000,0x000000be75b00000) (1024K)]

Stack: [0x000000be75a00000,0x000000be75b00000],  sp=0x000000be75affaf8,  free space=1022k
Native frames: (J=compiled Java code, j=interpreted, Vv=VM code, C=native code)
V  [jvm.dll+0xcad1]


siginfo: EXCEPTION_ACCESS_VIOLATION (0xc0000005), reading address 0x0000000000000100


Registers:
RAX=0x0000000000000000, RBX=0x0000027022ab8f01, RCX=0x000002704a2a1c30, RDX=0x00000006bfe74628
RSP=0x000000be75affaf8, RBP=0x0000000000000001, RSI=0x0000027024dcf690, RDI=0x00000006bfe74628
R8 =0x000002704a2a1c30, R9 =0x0000000000000000, R10=0x0000027024d522c0, R11=0x0000000000000003
R12=0x0000000000000000, R13=0xaaaaaaaaaaaaaaab, R14=0x000002704a67ec60, R15=0x00000006bfe74610
RIP=0x00007fff6524cad1, EFLAGS=0x0000000000010246

XMM[0]=0x0000000000000000 0x0000000000000000
XMM[1]=0x0000000000000000 0x0000000000000000
XMM[2]=0x0000000000000000 0x0000000000000000
XMM[3]=0x0000000000000000 0x0000000000000000
XMM[4]=0x0000000000000000 0x0000000000000000
XMM[5]=0x0000000000000000 0x0000000000000000
XMM[6]=0x0000000000000000 0x3ff7106e8e9e92b0
XMM[7]=0x0000000000000000 0x408f400000000000
XMM[8]=0x0000000000000000 0x0000000000000000
XMM[9]=0x0000000000000000 0x0000000000000000
XMM[10]=0x0000000000000000 0x0000000000000000
XMM[11]=0x0000000000000000 0x0000000000000000
XMM[12]=0x0000000000000000 0x0000000000000000
XMM[13]=0x0000000000000000 0x0000000000000000
XMM[14]=0x0000000000000000 0x0000000000000000
XMM[15]=0x0000000000000000 0x0000000000000000
  MXCSR=0x00001fb2


Register to memory mapping:

RAX=0x0 is null
RBX=0x0000027022ab8f01 points into unknown readable memory: 00 00 00 00 00 00 00
RCX=0x000002704a2a1c30 is pointing into metadata
RDX=
[error occurred during error reporting (printing register info), id 0xc0000005, EXCEPTION_ACCESS_VIOLATION (0xc0000005) at pc=0x00007fff6524cad1]
RSP=0x000000be75affaf8 points into unknown readable memory: 0x00007fff6556306a | 6a 30 56 65 ff 7f 00 00
RBP=0x0000000000000001 is an unknown value
RSI=0x0000027024dcf690 points into unknown readable memory: 0x0000027024dd94d0 | d0 94 dd 24 70 02 00 00
RDI=
[error occurred during error reporting (printing register info, attempt 2), id 0xc0000005, EXCEPTION_ACCESS_VIOLATION (0xc0000005) at pc=0x00007fff6524cad1]
R8 =0x000002704a2a1c30 is pointing into metadata
R9 =0x0 is null
R10=0x0000027024d522c0 points into unknown readable memory: 0x00007fff65c72fc8 | c8 2f c7 65 ff 7f 00 00
R11=0x0000000000000003 is an unknown value
R12=0x0 is null
R13=0xaaaaaaaaaaaaaaab is an unknown value
R14=0x000002704a67ec60 is a pointer to class: 
oshi.PlatformEnum {0x000002704a67ec68}
 - instance size:     4
 - klass size:        73
 - access:            public final synchronized 
 - flags:             rewritten has_nonstatic_fields should_verify_class has_localvariable_table 
 - state:             fully_initialized
 - name:              'oshi/PlatformEnum'
 - super:             'java/lang/Enum'
 - sub:               
 - arrays:            'oshi/PlatformEnum'[]
 - methods:           Array<T>(0x000002708cc1bdd8)
 - method ordering:   Array<T>(0x0000027049a79050)
 - local interfaces:  Array<T>(0x000002704960e8a0)
 - trans. interfaces: Array<T>(0x000002704966e800)
 - secondary supers: Array<T>(0x000002708cc1c560)
 - hash_slot:         51
 - bitmap:            0x8000000100001000
 - constants:         constant pool [140] {0x000002708cc1b918} for 'oshi/PlatformEnum' cache=0x000002708cc1d050
 - class loader data:  loader data: 0x000002708f168e30 for instance a 'cpw/mods/cl/ModuleClassLoader'{0x00000005da987b00}
 - source file:       'PlatformEnum.java'
 - generic signature: 'Ljava/lang/Enum<Loshi/PlatformEnum;>;'
 - inner classes:     Array<T>(0x000002704960e828)
 - nest members:     Array<T>(0x000002704960e828)
 - permitted subclasses:     Array<T>(0x000002704960e828)
 - java mirror:       a 'java/lang/Class'{0x00000005f4b5ce70} = 'oshi/PlatformEnum'
 - vtable length      6  (start addr: 0x000002704a67ee30)
 - itable length      8 (start addr: 0x000002704a67ee60)
 - ---- static fields (7 words):
 - public static final 'MACOS' 'Loshi/PlatformEnum;' @112 
 - public static final 'LINUX' 'Loshi/PlatformEnum;' @116 
 - public static final 'WINDOWS' 'Loshi/PlatformEnum;' @120 
 - public static final 'SOLARIS' 'Loshi/PlatformEnum;' @124 
 - public static final 'FREEBSD' 'Loshi/PlatformEnum;' @128 
 - public static final 'OPENBSD' 'Loshi/PlatformEnum;' @132 
 - public static final 'WINDOWSCE' 'Loshi/PlatformEnum;' @136 
 - public static final 'AIX' 'Loshi/PlatformEnum;' @140 
 - public static final 'ANDROID' 'Loshi/PlatformEnum;' @144 
 - public static final 'GNU' 'Loshi/PlatformEnum;' @148 
 - public static final 'KFREEBSD' 'Loshi/PlatformEnum;' @152 
 - public static final 'NETBSD' 'Loshi/PlatformEnum;' @156 
 - public static final 'UNKNOWN' 'Loshi/PlatformEnum;' @160 
 - private static final synthetic '$VALUES' '[Loshi/PlatformEnum;' @164 
 - ---- non-static fields (4 words):
 - private final 'ordinal' 'I' @12 
 - private 'hash' 'I' @16 
 - private final 'name' 'Ljava/lang/String;' @20 
 - private final 'name' 'Ljava/lang/String;' @24 
 - non-static oop maps: 20-24 
R15=0x00000006bfe74610 is an oop: com.mojang.datafixers.TypedOptic 
{0x00000006bfe74610} - klass: 'com/mojang/datafixers/TypedOptic'
 - ---- fields (total size 3 words):
 - private final 'bounds' 'Ljava/util/Set;' @12  
[error occurred during error reporting (printing register info, attempt 3), id 0xc0000005, EXCEPTION_ACCESS_VIOLATION (0xc0000005) at pc=0x00007fff65902be6]
Top of Stack: (sp=0x000000be75affaf8)
0x000000be75affaf8:   00007fff6556306a 0000000000700e86   j0Ve......p.....
0x000000be75affb08:   000000006743da20 0000295bdb692ba8    .Cg.....+i.[)..
0x000000be75affb18:   000000be75affcb0 00000006bfe74628   ...u....(F......
0x000000be75affb28:   00007fff65562e3f 0000027022ab8f30   ?.Ve....0.."p...
0x000000be75affb38:   000000be75affcb0 000002704a67ec58   ...u....X.gJp...
0x000000be75affb48:   00007fff6591077c 00000006bfe74624   |..e....$F......
0x000000be75affb58:   00007fff6556079d 00000006bfe7461c   ..Ve.....F......
0x000000be75affb68:   00007fff65560ebd 000000be75affba0   ..Ve.......u....
0x000000be75affb78:   00007fff655603e2 000000be75affc90   ..Ve.......u....
0x000000be75affb88:   0000000000000000 00000006bfe74610   .........F......
0x000000be75affb98:   00007fff655603e2 000002704a67ea50   ..Ve....P.gJp...
0x000000be75affba8:   0000000000000003 000000be75affcb0   ...........u....
0x000000be75affbb8:   0000000000000000 0000027022ab8f30   ........0.."p...
0x000000be75affbc8:   00007fff6557fec0 00000006bfe74610   ..We.....F......
0x000000be75affbd8:   0000027024dcf6a0 000000be75affc90   ...$p......u....
0x000000be75affbe8:   00007fff6597a014 00000006bfe74610   ...e.....F......
0x000000be75affbf8:   00007fff6557c751 000000001dfce8c2   Q.We............
0x000000be75affc08:   0000027022ab8f30 0000000000000000   0.."p...........
0x000000be75affc18:   00007fff6557ddc4 000000001e000000   ..We............
0x000000be75affc28:   00007fff6557e2ac 00000006bfe745f8   ..We.....E......
0x000000be75affc38:   000000001dfce8c2 0000000000000001   ................
0x000000be75affc48:   0000000000000000 0000000000000001   ................
0x000000be75affc58:   0000000000000000 0000027022ab8f30   ........0.."p...
0x000000be75affc68:   00007fff6557d025 0000027022ab8fc8   %.We......."p...
0x000000be75affc78:   00000270921ea201 0000027022ab8fc8   ....p......"p...
0x000000be75affc88:   0000000000000000 0000027024dcf690   ...........$p...
0x000000be75affc98:   0000027022ab8f30 00000006bfe6f4b8   0.."p...........
0x000000be75affca8:   0000000000032169 00007fff65c74968   i!......hI.e....
0x000000be75affcb8:   0000027047a46a20 0000000000000003    j.Gp...........
0x000000be75affcc8:   0000027024d522c0 0000027022ab8f30   .".$p...0.."p...
0x000000be75affcd8:   00007fff6591077c c215b084854f6e98   |..e.....nO.....
0x000000be75affce8:   0000000000000000 0000000000000000   ................

Instructions: (pc=0x00007fff6524cad1)
0x00007fff6524c9d1:   41 f6 c1 01 75 53 41 c1 f9 03 49 63 c1 c3 79 49
0x00007fff6524c9e1:   84 c0 41 b8 0c 00 00 00 8b 05 b9 e7 c2 00 b9 10
0x00007fff6524c9f1:   00 00 00 41 0f 45 c8 ff c8 4c 63 c0 41 8b c1 48
0x00007fff6524ca01:   c1 f8 10 0f b6 c0 48 63 14 11 41 8b c9 83 e1 3f
0x00007fff6524ca11:   48 d3 e2 49 8d 0c 10 49 f7 d0 48 03 c1 49 c1 e8
0x00007fff6524ca21:   03 48 c1 e8 03 49 23 c0 c3 49 8b 00 49 8b c8 48
0x00007fff6524ca31:   ff a0 00 01 00 00 cc cc cc cc cc cc cc cc cc 8b
0x00007fff6524ca41:   44 24 30 45 03 c9 44 2b 4c 24 28 83 c0 0b 44 03
0x00007fff6524ca51:   ca 45 03 c8 41 03 c1 c3 cc cc cc cc cc cc cc 4c
0x00007fff6524ca61:   8b c2 48 8b d1 45 8b 48 08 45 85 c9 7e 0e 41 f6
0x00007fff6524ca71:   c1 01 75 56 41 c1 f9 03 49 63 c1 c3 79 4c 80 3d
0x00007fff6524ca81:   d9 ea c2 00 00 b8 0c 00 00 00 b9 10 00 00 00 0f
0x00007fff6524ca91:   45 c8 8b 05 0f e7 c2 00 ff c8 4c 63 c0 41 8b c1
0x00007fff6524caa1:   48 c1 f8 10 48 63 14 11 41 8b c9 83 e1 3f 0f b6
0x00007fff6524cab1:   c0 48 d3 e2 49 8d 0c 10 49 f7 d0 48 03 c1 49 c1
0x00007fff6524cac1:   e8 03 48 c1 e8 03 49 23 c0 c3 49 8b 00 49 8b c8
0x00007fff6524cad1:   48 ff a0 00 01 00 00 cc cc cc cc cc cc cc cc 48
0x00007fff6524cae1:   8b 41 08 0f b7 48 2c 0f b7 40 2a 83 c0 48 03 c1
0x00007fff6524caf1:   c3 cc cc cc cc cc cc cc cc cc cc cc cc cc cc 48
0x00007fff6524cb01:   89 5c 24 08 57 48 83 ec 20 0f b6 05 6f ec cd 00
0x00007fff6524cb11:   48 8b fa 48 8b d9 84 c0 74 4f 48 85 15 26 e4 cd
0x00007fff6524cb21:   00 74 38 48 8b ca e8 74 9d 8d 00 48 8b d0 48 85
0x00007fff6524cb31:   db 74 25 48 85 c0 74 20 48 8b c7 f0 48 0f b1 13
0x00007fff6524cb41:   74 16 48 85 05 fe e3 cd 00 74 0d 48 8b c8 f0 48
0x00007fff6524cb51:   0f b1 13 48 3b c1 75 ea 48 8b fa 48 8b c7 48 8b
0x00007fff6524cb61:   5c 24 30 48 83 c4 20 5f c3 48 85 3d df e3 cd 00
0x00007fff6524cb71:   75 28 4c 8b 05 e6 e3 cd 00 33 c0 4c 23 c7 4c 0b
0x00007fff6524cb81:   05 ba e3 cd 00 48 85 ff 4c 0f 44 c0 49 8b c0 48
0x00007fff6524cb91:   8b 5c 24 30 48 83 c4 20 5f c3 48 8b cf e8 3d 9c
0x00007fff6524cba1:   8d 00 4c 8b c0 48 85 db 74 3b 48 85 c0 74 36 48
0x00007fff6524cbb1:   8b 15 a9 e3 cd 00 48 23 d0 48 0b 15 d7 e3 cd 00
0x00007fff6524cbc1:   74 23 48 8b c7 f0 48 0f b1 13 74 19 0f 1f 00 48


Stack slot to memory mapping:

stack at sp + 0 slots: 0x00007fff6556306a jvm.dll
stack at sp + 1 slots: 0x0000000000700e86 is an unknown value
stack at sp + 2 slots: 0x000000006743da20 is an unknown value
stack at sp + 3 slots: 0x0000295bdb692ba8 is an unknown value
stack at sp + 4 slots: 0x000000be75affcb0 points into unknown readable memory: 0x00007fff65c74968 | 68 49 c7 65 ff 7f 00 00
stack at sp + 5 slots: 
[error occurred during error reporting (inspecting top of stack), id 0xc0000005, EXCEPTION_ACCESS_VIOLATION (0xc0000005) at pc=0x00007fff6524cad1]
stack at sp + 6 slots: 0x00007fff65562e3f jvm.dll
stack at sp + 7 slots: 0x0000027022ab8f30 points into unknown readable memory: 0x00007fff65c74948 | 48 49 c7 65 ff 7f 00 00


---------------  P R O C E S S  ---------------

Threads class SMR info:
_java_thread_list=0x000002713648d3b0, length=233, elements={
0x0000027022aca320, 0x0000027047a6b110, 0x0000027047a6c030, 0x0000027047a6ff90,
0x0000027047a72480, 0x0000027047a70a40, 0x0000027047a71df0, 0x0000027047a84a50,
0x0000027047a85b20, 0x0000027047a72b10, 0x0000027047a731a0, 0x0000027047a73830,
0x0000027047a73ec0, 0x00000270930ff580, 0x00000270931002a0, 0x00000270930ffc10,
0x0000027093101650, 0x0000027093103090, 0x0000027093104ad0, 0x0000027093102370,
0x0000027093102a00, 0x0000027095b89430, 0x00000270901fd2d0, 0x00000270901fd960,
0x00000270901fa4e0, 0x00000270901f8aa0, 0x0000027095b89ac0, 0x0000027095b8cf40,
0x0000027095b8f010, 0x0000027095b8fd30, 0x0000027095b8b500, 0x0000027095b8c220,
0x00000270931057f0, 0x00000270adc0dc50, 0x00000270adc0e970, 0x00000270adc0ae60,
0x00000270adc0f000, 0x00000270adc11df0, 0x00000270901f97c0, 0x00000270901fb890,
0x00000270adc0b4f0, 0x00000270a7f71ca0, 0x00000270a7f71610, 0x00000270a7f6e190,
0x00000270a7f757b0, 0x00000270a7f6fbd0, 0x00000270a7f70f80, 0x0000027095b88da0,
0x00000270946573e0, 0x00000270946594b0, 0x0000027094657a70, 0x0000027094658790,
0x000002709465a1d0, 0x00000270beb33480, 0x00000270dde591b0, 0x00000270be250dc0,
0x000002708eba34b0, 0x00000270da68dd50, 0x00000270dab0cb10, 0x00000270dab0b760,
0x000002708eba3b40, 0x00000270dde59840, 0x00000270dab0bdf0, 0x00000270beb7f020,
0x00000270be79b9e0, 0x00000270be5fffa0, 0x00000270b56f7200, 0x00000270b5691930,
0x00000270dda3f720, 0x00000270b4277320, 0x00000270b4276600, 0x00000270dab0d1a0,
0x00000270a698a610, 0x00000270bed70ac0, 0x00000270dda3e370, 0x00000270a6989f80,
0x00000270a698aca0, 0x00000270da3425f0, 0x00000270da33f170, 0x00000270da33f800,
0x00000270da341f60, 0x00000270da340bb0, 0x00000270da3418d0, 0x00000270936ba6f0,
0x00000270934d7680, 0x00000270934d7d10, 0x00000270934d83a0, 0x00000270dda41e80,
0x00000270e7babcf0, 0x00000270e7baa940, 0x00000270e7bab660, 0x0000027135022f00,
0x0000027135023590, 0x00000270bed6f080, 0x00000270a7dc0dd0, 0x00000270da891fc0,
0x00000270da892650, 0x000002713589cd40, 0x000002713589d3d0, 0x000002713589c6b0,
0x000002713589b990, 0x000002713589b300, 0x000002713589da60, 0x00000270a7dc3530,
0x00000270da396060, 0x00000270da3966f0, 0x00000270da396d80, 0x00000270d9e49460,
0x00000270da33fe90, 0x00000270da341240, 0x0000027135023c20, 0x00000270dda43f50,
0x00000270dda43230, 0x00000270dda40440, 0x00000270dda3fdb0, 0x0000027135022870,
0x00000270e7baafd0, 0x00000270dda3ea00, 0x00000270a7dc00b0, 0x00000270a7dc0740,
0x00000270a7dc1460, 0x00000270a7dc1af0, 0x0000027136542b50, 0x00000270a7dc2180,
0x00000270a7dc2810, 0x00000270a7dc2ea0, 0x00000271370a0700, 0x00000270dda3d650,
0x00000270dda445e0, 0x00000270dda44c70, 0x00000270dda3dce0, 0x00000271370a0d90,
0x000002713589e780, 0x00000270da7d7310, 0x000002713589c020, 0x00000270a4ce5d60,
0x000002713589e0f0, 0x00000270da8912a0, 0x00000271361d84c0, 0x00000271361d8b50,
0x00000270b56f5130, 0x00000271361d63f0, 0x00000271361d7110, 0x00000270b56f5e50,
0x00000270beb320d0, 0x00000270a698cd70, 0x00000270a698b9c0, 0x00000271361d9870,
0x000002708f460ee0, 0x00000271361d6a80, 0x00000271354117f0, 0x00000270da64f760,
0x00000270da650480, 0x00000270da64f0d0, 0x00000270da64d000, 0x00000270da64d690,
0x00000270da64ea40, 0x00000270da64dd20, 0x00000270da64e3b0, 0x00000270be3bc650,
0x00000270be3bcce0, 0x00000270be3bb930, 0x0000027136545940, 0x0000027135d472f0,
0x00000270943244e0, 0x0000027091d0d3a0, 0x0000027094201580, 0x00000270be79b350,
0x0000027136e09600, 0x00000271419882b0, 0x0000027141988940, 0x00000271365452b0,
0x0000027141988fd0, 0x0000027094653240, 0x0000027135d47980, 0x00000270a4ce77a0,
0x0000027091d10190, 0x00000271376e0f40, 0x000002713709f350, 0x00000270da64fdf0,
0x0000027094200ef0, 0x00000271354138c0, 0x00000270be600cc0, 0x00000271376e0220,
0x00000271376e1c60, 0x00000271376e22f0, 0x00000271376e15d0, 0x00000270c43afd60,
0x0000027091d0fb00, 0x00000270bed6dcd0, 0x0000027094321d80, 0x00000270943216f0,
0x00000270943237c0, 0x00000271354145e0, 0x00000270b56f4aa0, 0x00000270da7d93e0,
0x00000270b46fee40, 0x00000270c43b1110, 0x00000270c3b5a130, 0x00000270936bc7c0,
0x0000027094652bb0, 0x00000270c43b17a0, 0x00000271376dfb90, 0x0000027091eeb140,
0x00000270901fbf20, 0x00000271350b0700, 0x0000027136e0a320, 0x00000271af5f3da0,
0x0000027135412510, 0x00000270be10fe70, 0x00000270c3e64900, 0x0000027139cb0d50,
0x00000270be5fe560, 0x00000271423aa9d0, 0x00000270b46ff4d0, 0x00000270be5febf0,
0x0000027136545fd0, 0x0000027135c38410, 0x0000027135c376f0, 0x0000027135c39130,
0x0000027135c397c0, 0x0000027135c39e50, 0x0000027135c37060, 0x0000027135c37d80,
0x00000270a698c050, 0x00000270a698d400, 0x00000270a698b330, 0x0000027137b42eb0,
0x00000271423ab060, 0x0000027135412ba0, 0x00000270b458b450, 0x00000270c3b59aa0,
0x00000271423a9cb0
}

Java Threads: ( => current thread )
  0x0000027022aca320 JavaThread "Render thread"                     [_thread_in_Java, id=28716, stack(0x000000be71c00000,0x000000be71d00000) (1024K)]
  0x0000027047a6b110 JavaThread "Reference Handler"          daemon [_thread_blocked, id=28376, stack(0x000000be72400000,0x000000be72500000) (1024K)]
  0x0000027047a6c030 JavaThread "Finalizer"                  daemon [_thread_blocked, id=19768, stack(0x000000be72500000,0x000000be72600000) (1024K)]
  0x0000027047a6ff90 JavaThread "Signal Dispatcher"          daemon [_thread_blocked, id=6576, stack(0x000000be72600000,0x000000be72700000) (1024K)]
  0x0000027047a72480 JavaThread "Attach Listener"            daemon [_thread_blocked, id=29584, stack(0x000000be72700000,0x000000be72800000) (1024K)]
  0x0000027047a70a40 JavaThread "Service Thread"             daemon [_thread_blocked, id=25716, stack(0x000000be72800000,0x000000be72900000) (1024K)]
  0x0000027047a71df0 JavaThread "Monitor Deflation Thread"   daemon [_thread_blocked, id=24144, stack(0x000000be72900000,0x000000be72a00000) (1024K)]
  0x0000027047a84a50 JavaThread "C2 CompilerThread0"         daemon [_thread_blocked, id=28308, stack(0x000000be72a00000,0x000000be72b00000) (1024K)]
  0x0000027047a85b20 JavaThread "C1 CompilerThread0"         daemon [_thread_blocked, id=30028, stack(0x000000be72b00000,0x000000be72c00000) (1024K)]
  0x0000027047a72b10 JavaThread "Common-Cleaner"             daemon [_thread_blocked, id=30136, stack(0x000000be72e00000,0x000000be72f00000) (1024K)]
  0x0000027047a731a0 JavaThread "Notification Thread"        daemon [_thread_blocked, id=24704, stack(0x000000be73000000,0x000000be73100000) (1024K)]
  0x0000027047a73830 JavaThread "ForkJoinPool.commonPool-worker-2" daemon [_thread_blocked, id=26460, stack(0x000000be73d00000,0x000000be73e00000) (1024K)]
  0x0000027047a73ec0 JavaThread "ForkJoinPool.commonPool-worker-3" daemon [_thread_blocked, id=30612, stack(0x000000be73e00000,0x000000be73f00000) (1024K)]
  0x00000270930ff580 JavaThread "ForkJoinPool.commonPool-worker-5" daemon [_thread_blocked, id=30324, stack(0x000000be74000000,0x000000be74100000) (1024K)]
  0x00000270931002a0 JavaThread "ForkJoinPool.commonPool-worker-6" daemon [_thread_blocked, id=27504, stack(0x000000be74100000,0x000000be74200000) (1024K)]
  0x00000270930ffc10 JavaThread "ForkJoinPool.commonPool-worker-8" daemon [_thread_blocked, id=30096, stack(0x000000be74200000,0x000000be74300000) (1024K)]
  0x0000027093101650 JavaThread "ForkJoinPool.commonPool-worker-9" daemon [_thread_blocked, id=21384, stack(0x000000be74400000,0x000000be74500000) (1024K)]
  0x0000027093103090 JavaThread "ForkJoinPool.commonPool-worker-7" daemon [_thread_blocked, id=26112, stack(0x000000be74500000,0x000000be74600000) (1024K)]
  0x0000027093104ad0 JavaThread "ForkJoinPool.commonPool-worker-13" daemon [_thread_blocked, id=30472, stack(0x000000be74800000,0x000000be74900000) (1024K)]
  0x0000027093102370 JavaThread "ForkJoinPool.commonPool-worker-14" daemon [_thread_blocked, id=29924, stack(0x000000be74900000,0x000000be74a00000) (1024K)]
  0x0000027093102a00 JavaThread "ForkJoinPool.commonPool-worker-15" daemon [_thread_blocked, id=30304, stack(0x000000be74a00000,0x000000be74b00000) (1024K)]
  0x0000027095b89430 JavaThread "DH-Log Ticker Thread[0]"    daemon [_thread_blocked, id=1748, stack(0x000000be75e00000,0x000000be75f00000) (1024K)]
  0x00000270901fd2d0 JavaThread "DFU cleaning thread"        daemon [_thread_blocked, id=29172, stack(0x000000be75c00000,0x000000be75d00000) (1024K)]
  0x00000270901fd960 JavaThread "JNA Cleaner"                daemon [_thread_blocked, id=28040, stack(0x000000be76f00000,0x000000be77000000) (1024K)]
  0x00000270901fa4e0 JavaThread "Timer hack thread"          daemon [_thread_blocked, id=30496, stack(0x000000be76e00000,0x000000be76f00000) (1024K)]
  0x00000270901f8aa0 JavaThread "Yggdrasil Key Fetcher"      daemon [_thread_blocked, id=29880, stack(0x000000be77100000,0x000000be77200000) (1024K)]
  0x0000027095b89ac0 JavaThread "Cleaner-0"                  daemon [_thread_blocked, id=29228, stack(0x000000be77600000,0x000000be77700000) (1024K)]
  0x0000027095b8cf40 JavaThread "modloading-worker-0"        daemon [_thread_blocked, id=11956, stack(0x000000be76100000,0x000000be76200000) (1024K)]
  0x0000027095b8f010 JavaThread "modloading-worker-0"        daemon [_thread_blocked, id=30268, stack(0x000000be76600000,0x000000be76700000) (1024K)]
  0x0000027095b8fd30 JavaThread "modloading-worker-0"        daemon [_thread_blocked, id=30540, stack(0x000000be76800000,0x000000be76900000) (1024K)]
  0x0000027095b8b500 JavaThread "modloading-worker-0"        daemon [_thread_blocked, id=29076, stack(0x000000be76b00000,0x000000be76c00000) (1024K)]
  0x0000027095b8c220 JavaThread "modloading-worker-0"        daemon [_thread_blocked, id=30204, stack(0x000000be76d00000,0x000000be76e00000) (1024K)]
  0x00000270931057f0 JavaThread "modloading-worker-0"        daemon [_thread_blocked, id=30196, stack(0x000000be77700000,0x000000be77800000) (1024K)]
  0x00000270adc0dc50 JavaThread "FileSystemWatchService"     daemon [_thread_in_native, id=30404, stack(0x000000be77800000,0x000000be77900000) (1024K)]
  0x00000270adc0e970 JavaThread "config-file-watcher-0-0"    daemon [_thread_blocked, id=26172, stack(0x000000be77900000,0x000000be77a00000) (1024K)]
  0x00000270adc0ae60 JavaThread "FileSystemWatchService"     daemon [_thread_in_native, id=29836, stack(0x000000be74b00000,0x000000be74c00000) (1024K)]
  0x00000270adc0f000 JavaThread "JEI Config File Watcher"    daemon [_thread_blocked, id=17196, stack(0x000000be77c00000,0x000000be77d00000) (1024K)]
  0x00000270adc11df0 JavaThread "kubejs-background-thread"   daemon [_thread_blocked, id=30088, stack(0x000000be77d00000,0x000000be77e00000) (1024K)]
  0x00000270901f97c0 JavaThread "FileSystemWatchService"     daemon [_thread_in_native, id=11160, stack(0x000000be77f00000,0x000000be78000000) (1024K)]
  0x00000270901fb890 JavaThread "config-file-watcher-1-0"    daemon [_thread_blocked, id=28732, stack(0x000000be78100000,0x000000be78200000) (1024K)]
  0x00000270adc0b4f0 JavaThread "Tween thread"               daemon [_thread_blocked, id=5424, stack(0x000000be78200000,0x000000be78300000) (1024K)]
  0x00000270a7f71ca0 JavaThread "SentryHostnameCache-0"      daemon [_thread_blocked, id=28372, stack(0x000000be77b00000,0x000000be77c00000) (1024K)]
  0x00000270a7f71610 JavaThread "modloading-sync-worker"     daemon [_thread_blocked, id=28532, stack(0x000000be78400000,0x000000be78500000) (1024K)]
  0x00000270a7f6e190 JavaThread "Worker-Main-1"              daemon [_thread_in_Java, id=26280, stack(0x000000be72f00000,0x000000be73000000) (1024K)]
  0x00000270a7f757b0 JavaThread "Thread-9"                          [_thread_blocked, id=29112, stack(0x000000be78900000,0x000000be78a00000) (1024K)]
  0x00000270a7f6fbd0 JavaThread "Thread-10"                         [_thread_blocked, id=26100, stack(0x000000be78b00000,0x000000be78c00000) (1024K)]
  0x00000270a7f70f80 JavaThread "Worker-ResourceReload-2"    daemon [_thread_blocked, id=29700, stack(0x000000be78d00000,0x000000be78e00000) (1024K)]
  0x0000027095b88da0 JavaThread "Worker-ResourceReload-4"    daemon [_thread_blocked, id=30536, stack(0x000000be78f00000,0x000000be79000000) (1024K)]
  0x00000270946573e0 JavaThread "Worker-ResourceReload-6"    daemon [_thread_blocked, id=29136, stack(0x000000be79100000,0x000000be79200000) (1024K)]
  0x00000270946594b0 JavaThread "Worker-ResourceReload-7"    daemon [_thread_blocked, id=28708, stack(0x000000be79200000,0x000000be79300000) (1024K)]
  0x0000027094657a70 JavaThread "Worker-ResourceReload-8"    daemon [_thread_blocked, id=27544, stack(0x000000be79300000,0x000000be79400000) (1024K)]
  0x0000027094658790 JavaThread "Worker-ResourceReload-9"    daemon [_thread_blocked, id=18176, stack(0x000000be79400000,0x000000be79500000) (1024K)]
  0x000002709465a1d0 JavaThread "ConfigSaver"                daemon [_thread_blocked, id=26796, stack(0x000000be79d00000,0x000000be79e00000) (1024K)]
  0x00000270beb33480 JavaThread "HolidayManager Day Checker" daemon [_thread_blocked, id=19536, stack(0x000000be7a700000,0x000000be7a800000) (1024K)]
  0x00000270dde591b0 JavaThread "Structurize IO Worker #0"   daemon [_thread_blocked, id=30432, stack(0x000000be7a500000,0x000000be7a600000) (1024K)]
  0x00000270be250dc0 JavaThread "Thread-16"                  daemon [_thread_blocked, id=29196, stack(0x000000be7a300000,0x000000be7a400000) (1024K)]
  0x000002708eba34b0 JavaThread "Java Sound Sequencer"              [_thread_blocked, id=30596, stack(0x000000be7a800000,0x000000be7a900000) (1024K)]
  0x00000270da68dd50 JavaThread "DH-ApplyConfigPresetTimer"  daemon [_thread_blocked, id=30056, stack(0x000000be7a900000,0x000000be7aa00000) (1024K)]
  0x00000270dab0cb10 JavaThread "KubeJS 2101.7.2-build.374"  daemon [_thread_in_native, id=30636, stack(0x000000be73600000,0x000000be73700000) (1024K)]
  0x00000270dab0b760 JavaThread "WSKeepAliveThread-/api/updates" daemon [_thread_blocked, id=29780, stack(0x000000be75700000,0x000000be75800000) (1024K)]
  0x000002708eba3b40 JavaThread "DH-AbstractDelayedConfigTimer" daemon [_thread_blocked, id=30704, stack(0x000000be79f00000,0x000000be7a000000) (1024K)]
  0x00000270dde59840 JavaThread "Worker-Main-2"              daemon [_thread_in_Java, id=13280, stack(0x000000be79e00000,0x000000be79f00000) (1024K)]
  0x00000270dab0bdf0 JavaThread "Worker-Main-3"              daemon [_thread_in_Java, id=28356, stack(0x000000be7a000000,0x000000be7a100000) (1024K)]
  0x00000270beb7f020 JavaThread "Worker-Main-4"              daemon [_thread_in_Java, id=29176, stack(0x000000be7aa00000,0x000000be7ab00000) (1024K)]
  0x00000270be79b9e0 JavaThread "Worker-Main-5"              daemon [_thread_in_Java, id=22368, stack(0x000000be7ab00000,0x000000be7ac00000) (1024K)]
  0x00000270be5fffa0 JavaThread "Worker-Main-6"              daemon [_thread_in_Java, id=29592, stack(0x000000be7ac00000,0x000000be7ad00000) (1024K)]
  0x00000270b56f7200 JavaThread "Worker-Main-7"              daemon [_thread_in_Java, id=25724, stack(0x000000be7ad00000,0x000000be7ae00000) (1024K)]
  0x00000270b5691930 JavaThread "Worker-Main-8"              daemon [_thread_in_Java, id=24348, stack(0x000000be7ae00000,0x000000be7af00000) (1024K)]
  0x00000270dda3f720 JavaThread "Worker-Main-9"              daemon [_thread_in_Java, id=27488, stack(0x000000be7af00000,0x000000be7b000000) (1024K)]
  0x00000270b4277320 JavaThread "Thread-26"                         [_thread_blocked, id=9572, stack(0x000000be75d00000,0x000000be75e00000) (1024K)]
  0x00000270b4276600 JavaThread "defaultEventExecutor-1-1"          [_thread_blocked, id=19724, stack(0x000000be7b000000,0x000000be7b100000) (1024K)]
  0x00000270dab0d1a0 JavaThread "Cleaner-1"                  daemon [_thread_blocked, id=18972, stack(0x000000be7b400000,0x000000be7b500000) (1024K)]
  0x00000270a698a610 JavaThread "Server thread"                     [_thread_in_Java, id=30700, stack(0x000000be79c00000,0x000000be79d00000) (1024K)]
  0x00000270bed70ac0 JavaThread "ComputerCraft-Network-0"    daemon [_thread_blocked, id=26072, stack(0x000000be78300000,0x000000be78400000) (1024K)]
  0x00000270dda3e370 JavaThread "ComputerCraft-Network-1"    daemon [_thread_blocked, id=12360, stack(0x000000be7b500000,0x000000be7b600000) (1024K)]
  0x00000270a6989f80 JavaThread "DH-ClientTickTimer"         daemon [_thread_blocked, id=29444, stack(0x000000be7b600000,0x000000be7b700000) (1024K)]
  0x00000270a698aca0 JavaThread "ComputerCraft-Network-2"    daemon [_thread_blocked, id=29516, stack(0x000000be7b700000,0x000000be7b800000) (1024K)]
  0x00000270da3425f0 JavaThread "DH-delayed save cache cleaner Thread[0]" daemon [_thread_blocked, id=30372, stack(0x000000be7c800000,0x000000be7c900000) (1024K)]
  0x00000270da33f170 JavaThread "DH-Phantom Array Recycler Thread[0]" daemon [_thread_blocked, id=28680, stack(0x000000be7c900000,0x000000be7ca00000) (1024K)]
  0x00000270da33f800 JavaThread "DH-Update Propagate Queue [minecraft:overworld] Thread[0]"        [_thread_blocked, id=23652, stack(0x000000be75500000,0x000000be75600000) (1024K)]
  0x00000270da341f60 JavaThread "DH-Full Data Migration Thread[0]"        [_thread_blocked, id=8916, stack(0x000000be78600000,0x000000be78700000) (1024K)]
  0x00000270da340bb0 JavaThread "DH-Request Module Ticker [minecraft:overworld] Thread[0]" daemon [_thread_blocked, id=27156, stack(0x000000be7c600000,0x000000be7c700000) (1024K)]
  0x00000270da3418d0 JavaThread "DH-DataSource Request Ticker [minecraft:overworld] Thread[0]" daemon [_thread_blocked, id=29260, stack(0x000000be7c700000,0x000000be7c800000) (1024K)]
  0x00000270936ba6f0 JavaThread "ComputerCraft-Network-3"    daemon [_thread_blocked, id=18516, stack(0x000000be77300000,0x000000be77400000) (1024K)]
  0x00000270934d7680 JavaThread "Worker-Main-10"             daemon [_thread_in_Java, id=29116, stack(0x000000be7ca00000,0x000000be7cb00000) (1024K)]
  0x00000270934d7d10 JavaThread "Worker-Main-11"             daemon [_thread_in_Java, id=29856, stack(0x000000be7cb00000,0x000000be7cc00000) (1024K)]
  0x00000270934d83a0 JavaThread "Worker-Main-12"             daemon [_thread_in_Java, id=30644, stack(0x000000be7cc00000,0x000000be7cd00000) (1024K)]
  0x00000270dda41e80 JavaThread "Worker-Main-13"             daemon [_thread_in_Java, id=29532, stack(0x000000be7cd00000,0x000000be7ce00000) (1024K)]
  0x00000270e7babcf0 JavaThread "IO-Worker-3"                       [_thread_blocked, id=28840, stack(0x000000be7cf00000,0x000000be7d000000) (1024K)]
  0x00000270e7baa940 JavaThread "DH-ChunkSaveIgnoreTimer"    daemon [_thread_blocked, id=26748, stack(0x000000be7d200000,0x000000be7d300000) (1024K)]
  0x00000270e7bab660 JavaThread "DH-ChunkSaveIgnoreTimer"    daemon [_thread_blocked, id=30348, stack(0x000000be7d300000,0x000000be7d400000) (1024K)]
  0x0000027135022f00 JavaThread "DH-World Gen Queue Thread[0]"        [_thread_blocked, id=28276, stack(0x000000be7d400000,0x000000be7d500000) (1024K)]
  0x0000027135023590 JavaThread "DH-World Gen Progress Updater Thread[0]" daemon [_thread_blocked, id=27880, stack(0x000000be7d500000,0x000000be7d600000) (1024K)]
  0x00000270bed6f080 JavaThread "streamsreflowing-urgent"    daemon [_thread_blocked, id=30576, stack(0x000000be71b00000,0x000000be71c00000) (1024K)]
  0x00000270a7dc0dd0 JavaThread "DH-LOD Builder Thread[0]"          [_thread_blocked, id=26128, stack(0x000000be7d700000,0x000000be7d800000) (1024K)]
  0x00000270da891fc0 JavaThread "DH-Update Propagate Queue [minecraft:the_end] Thread[0]"        [_thread_blocked, id=9064, stack(0x000000be7d800000,0x000000be7d900000) (1024K)]
  0x00000270da892650 JavaThread "DH-Request Module Ticker [minecraft:the_end] Thread[0]" daemon [_thread_blocked, id=30332, stack(0x000000be7d900000,0x000000be7da00000) (1024K)]
  0x000002713589cd40 JavaThread "DH-DataSource Request Ticker [minecraft:the_end] Thread[0]" daemon [_thread_blocked, id=25692, stack(0x000000be7da00000,0x000000be7db00000) (1024K)]
  0x000002713589d3d0 JavaThread "DH-Update Propagate Queue [compactmachines:compact_world] Thread[0]"        [_thread_blocked, id=18512, stack(0x000000be7d100000,0x000000be7d200000) (1024K)]
  0x000002713589c6b0 JavaThread "DH-Request Module Ticker [compactmachines:compact_world] Thread[0]" daemon [_thread_blocked, id=26992, stack(0x000000be7db00000,0x000000be7dc00000) (1024K)]
  0x000002713589b990 JavaThread "DH-DataSource Request Ticker [compactmachines:compact_world] Thread[0]" daemon [_thread_blocked, id=30068, stack(0x000000be7dc00000,0x000000be7dd00000) (1024K)]
  0x000002713589b300 JavaThread "DH-Update Propagate Queue [irons_spellbooks:pocket_dimension] Thread[0]"        [_thread_blocked, id=25444, stack(0x000000be71900000,0x000000be71a00000) (1024K)]
  0x000002713589da60 JavaThread "DH-Request Module Ticker [irons_spellbooks:pocket_dimension] Thread[0]" daemon [_thread_blocked, id=30296, stack(0x000000be71a00000,0x000000be71b00000) (1024K)]
  0x00000270a7dc3530 JavaThread "DH-DataSource Request Ticker [irons_spellbooks:pocket_dimension] Thread[0]" daemon [_thread_blocked, id=30284, stack(0x000000be77e00000,0x000000be77f00000) (1024K)]
  0x00000270da396060 JavaThread "DH-ChunkSaveIgnoreTimer"    daemon [_thread_blocked, id=30380, stack(0x000000be7d000000,0x000000be7d100000) (1024K)]
  0x00000270da3966f0 JavaThread "DH-ChunkSaveIgnoreTimer"    daemon [_thread_blocked, id=10564, stack(0x000000be7dd00000,0x000000be7de00000) (1024K)]
  0x00000270da396d80 JavaThread "DH-World Gen Queue Thread[0]"        [_thread_blocked, id=2820, stack(0x000000be7de00000,0x000000be7df00000) (1024K)]
  0x00000270d9e49460 JavaThread "DH-World Gen Progress Updater Thread[0]" daemon [_thread_blocked, id=29904, stack(0x000000be7df00000,0x000000be7e000000) (1024K)]
  0x00000270da33fe90 JavaThread "DH-Update Propagate Queue [minecraft:the_nether] Thread[0]"        [_thread_blocked, id=26588, stack(0x000000be7e000000,0x000000be7e100000) (1024K)]
  0x00000270da341240 JavaThread "DH-Request Module Ticker [minecraft:the_nether] Thread[0]" daemon [_thread_blocked, id=29976, stack(0x000000be7e100000,0x000000be7e200000) (1024K)]
  0x0000027135023c20 JavaThread "DH-DataSource Request Ticker [minecraft:the_nether] Thread[0]" daemon [_thread_blocked, id=30320, stack(0x000000be7e200000,0x000000be7e300000) (1024K)]
  0x00000270dda43f50 JavaThread "DH-ChunkSaveIgnoreTimer"    daemon [_thread_blocked, id=22532, stack(0x000000be7e300000,0x000000be7e400000) (1024K)]
  0x00000270dda43230 JavaThread "DH-ChunkSaveIgnoreTimer"    daemon [_thread_blocked, id=11584, stack(0x000000be7e400000,0x000000be7e500000) (1024K)]
  0x00000270dda40440 JavaThread "DH-World Gen Queue Thread[0]"        [_thread_blocked, id=29024, stack(0x000000be7e500000,0x000000be7e600000) (1024K)]
  0x00000270dda3fdb0 JavaThread "DH-World Gen Progress Updater Thread[0]" daemon [_thread_blocked, id=22548, stack(0x000000be7e600000,0x000000be7e700000) (1024K)]
  0x0000027135022870 JavaThread "DH-Update Propagate Queue [ae2:spatial_storage] Thread[0]"        [_thread_blocked, id=26152, stack(0x000000be7e700000,0x000000be7e800000) (1024K)]
  0x00000270e7baafd0 JavaThread "DH-Request Module Ticker [ae2:spatial_storage] Thread[0]" daemon [_thread_blocked, id=29304, stack(0x000000be7e800000,0x000000be7e900000) (1024K)]
  0x00000270dda3ea00 JavaThread "DH-DataSource Request Ticker [ae2:spatial_storage] Thread[0]" daemon [_thread_blocked, id=3116, stack(0x000000be7e900000,0x000000be7ea00000) (1024K)]
  0x00000270a7dc00b0 JavaThread "DH-ChunkSaveIgnoreTimer"    daemon [_thread_blocked, id=27020, stack(0x000000be7ec00000,0x000000be7ed00000) (1024K)]
  0x00000270a7dc0740 JavaThread "DH-ChunkSaveIgnoreTimer"    daemon [_thread_blocked, id=26908, stack(0x000000be7ed00000,0x000000be7ee00000) (1024K)]
  0x00000270a7dc1460 JavaThread "DH-World Gen Queue Thread[0]"        [_thread_blocked, id=27456, stack(0x000000be7ee00000,0x000000be7ef00000) (1024K)]
  0x00000270a7dc1af0 JavaThread "DH-World Gen Progress Updater Thread[0]" daemon [_thread_blocked, id=30140, stack(0x000000be7ef00000,0x000000be7f000000) (1024K)]
  0x0000027136542b50 JavaThread "DH-LOD Builder Thread[1]"          [_thread_blocked, id=27640, stack(0x000000be7f000000,0x000000be7f100000) (1024K)]
  0x00000270a7dc2180 JavaThread "DH-ChunkSaveIgnoreTimer"    daemon [_thread_blocked, id=28908, stack(0x000000be7f100000,0x000000be7f200000) (1024K)]
  0x00000270a7dc2810 JavaThread "DH-ChunkSaveIgnoreTimer"    daemon [_thread_blocked, id=30244, stack(0x000000be7f200000,0x000000be7f300000) (1024K)]
  0x00000270a7dc2ea0 JavaThread "DH-World Gen Queue Thread[0]"        [_thread_blocked, id=26832, stack(0x000000be7f300000,0x000000be7f400000) (1024K)]
  0x00000271370a0700 JavaThread "DH-World Gen Progress Updater Thread[0]" daemon [_thread_blocked, id=26052, stack(0x000000be7f400000,0x000000be7f500000) (1024K)]
  0x00000270dda3d650 JavaThread "DH-ChunkSaveIgnoreTimer"    daemon [_thread_blocked, id=30508, stack(0x000000be7f500000,0x000000be7f600000) (1024K)]
  0x00000270dda445e0 JavaThread "DH-ChunkSaveIgnoreTimer"    daemon [_thread_blocked, id=30448, stack(0x000000be7f600000,0x000000be7f700000) (1024K)]
  0x00000270dda44c70 JavaThread "DH-World Gen Queue Thread[0]"        [_thread_blocked, id=8664, stack(0x000000be7f700000,0x000000be7f800000) (1024K)]
  0x00000270dda3dce0 JavaThread "DH-World Gen Progress Updater Thread[0]" daemon [_thread_blocked, id=30548, stack(0x000000be7f800000,0x000000be7f900000) (1024K)]
  0x00000271370a0d90 JavaThread "DH-Update Propagator Thread[0]"        [_thread_blocked, id=29672, stack(0x000000be7f900000,0x000000be7fa00000) (1024K)]
  0x000002713589e780 JavaThread "DH-Update Propagator Thread[1]"        [_thread_blocked, id=27916, stack(0x000000be7fa00000,0x000000be7fb00000) (1024K)]
  0x00000270da7d7310 JavaThread "DH-Update Propagator Thread[2]"        [_thread_blocked, id=29344, stack(0x000000be7eb00000,0x000000be7ec00000) (1024K)]
  0x000002713589c020 JavaThread "DH-Update Propagator Thread[3]"        [_thread_blocked, id=25944, stack(0x000000be7fb00000,0x000000be7fc00000) (1024K)]
  0x00000270a4ce5d60 JavaThread "DH-Update Propagator Thread[4]"        [_thread_blocked, id=29616, stack(0x000000be79b00000,0x000000be79c00000) (1024K)]
  0x000002713589e0f0 JavaThread "DH-LOD Builder Thread[2]"          [_thread_blocked, id=7132, stack(0x000000be7fd00000,0x000000be7fe00000) (1024K)]
  0x00000270da8912a0 JavaThread "DH-LOD Builder Thread[3]"          [_thread_blocked, id=28804, stack(0x000000be7fe00000,0x000000be7ff00000) (1024K)]
  0x00000271361d84c0 JavaThread "DH-LOD Builder Thread[4]"          [_thread_blocked, id=29888, stack(0x000000be7ff00000,0x000000be80000000) (1024K)]
  0x00000271361d8b50 JavaThread "DH-LOD Builder Thread[5]"          [_thread_blocked, id=29680, stack(0x000000be00000000,0x000000be00100000) (1024K)]
  0x00000270b56f5130 JavaThread "DH-Update Propagator Thread[5]"        [_thread_blocked, id=28812, stack(0x000000be00200000,0x000000be00300000) (1024K)]
  0x00000271361d63f0 JavaThread "HttpClient-3-SelectorManager" daemon [_thread_in_native, id=25752, stack(0x000000be00800000,0x000000be00900000) (1024K)]
  0x00000271361d7110 JavaThread "iron431-patreon-service"    daemon [_thread_blocked, id=7820, stack(0x000000be00900000,0x000000be00a00000) (1024K)]
  0x00000270b56f5e50 JavaThread "ModernFix integrated server watchdog" daemon [_thread_blocked, id=27124, stack(0x000000be00b00000,0x000000be00c00000) (1024K)]
  0x00000270beb320d0 JavaThread "Netty Server IO #0"         daemon [_thread_in_native, id=30112, stack(0x000000be00700000,0x000000be00800000) (1024K)]
  0x00000270a698cd70 JavaThread "Netty Server IO #1"         daemon [_thread_in_native, id=28140, stack(0x000000be00d00000,0x000000be00e00000) (1024K)]
  0x00000270a698b9c0 JavaThread "Netty Local Client IO #0"   daemon [_thread_blocked, id=30000, stack(0x000000be02e00000,0x000000be02f00000) (1024K)]
  0x00000271361d9870 JavaThread "Netty Server IO #2"         daemon [_thread_in_native, id=29160, stack(0x000000be02f00000,0x000000be03000000) (1024K)]
  0x000002708f460ee0 JavaThread "Netty Local Client IO #1"   daemon [_thread_blocked, id=26920, stack(0x000000be03000000,0x000000be03100000) (1024K)]
  0x00000271361d6a80 JavaThread "Netty Server IO #3"         daemon [_thread_in_native, id=29964, stack(0x000000be03100000,0x000000be03200000) (1024K)]
  0x00000271354117f0 JavaThread "DH-ClientLevelTickCleanup"  daemon [_thread_blocked, id=6652, stack(0x000000be03a00000,0x000000be03b00000) (1024K)]
  0x00000270da64f760 JavaThread "Flywheel Task Executor #0"         [_thread_blocked, id=22552, stack(0x000000be04500000,0x000000be04600000) (1024K)]
  0x00000270da650480 JavaThread "Flywheel Task Executor #1"         [_thread_blocked, id=8892, stack(0x000000be04700000,0x000000be04800000) (1024K)]
  0x00000270da64f0d0 JavaThread "Flywheel Task Executor #2"         [_thread_blocked, id=30232, stack(0x000000be04800000,0x000000be04900000) (1024K)]
  0x00000270da64d000 JavaThread "Flywheel Task Executor #3"         [_thread_blocked, id=28504, stack(0x000000be04900000,0x000000be04a00000) (1024K)]
  0x00000270da64d690 JavaThread "Flywheel Task Executor #4"         [_thread_blocked, id=30224, stack(0x000000be04a00000,0x000000be04b00000) (1024K)]
  0x00000270da64ea40 JavaThread "Flywheel Task Executor #5"         [_thread_blocked, id=28972, stack(0x000000be04b00000,0x000000be04c00000) (1024K)]
  0x00000270da64dd20 JavaThread "Flywheel Task Executor #6"         [_thread_blocked, id=21424, stack(0x000000be04c00000,0x000000be04d00000) (1024K)]
  0x00000270da64e3b0 JavaThread "Flywheel Task Executor #7"         [_thread_blocked, id=18084, stack(0x000000be04d00000,0x000000be04e00000) (1024K)]
  0x00000270be3bc650 JavaThread "Flywheel Task Executor #8"         [_thread_blocked, id=30368, stack(0x000000be04e00000,0x000000be04f00000) (1024K)]
  0x00000270be3bcce0 JavaThread "Flywheel Task Executor #9"         [_thread_blocked, id=22936, stack(0x000000be04f00000,0x000000be05000000) (1024K)]
  0x00000270be3bb930 JavaThread "JEI Delayed Executor 0"            [_thread_blocked, id=3944, stack(0x000000be05200000,0x000000be05300000) (1024K)]
  0x0000027136545940 JavaThread "DH-FullDataPayloadSender"   daemon [_thread_blocked, id=29052, stack(0x000000be03800000,0x000000be03900000) (1024K)]
  0x0000027135d472f0 JavaThread "ForkJoinPool.commonPool-worker-16" daemon [_thread_blocked, id=28468, stack(0x000000be04600000,0x000000be04700000) (1024K)]
  0x00000270943244e0 JavaThread "FileWatcher-1-thread-1"     daemon [_thread_blocked, id=13124, stack(0x000000be05500000,0x000000be05600000) (1024K)]
  0x0000027091d0d3a0 JavaThread "DH-Cleanup timer"           daemon [_thread_blocked, id=29724, stack(0x000000be05300000,0x000000be05400000) (1024K)]
  0x0000027094201580 JavaThread "streamsreflowing-urgent"    daemon [_thread_blocked, id=21336, stack(0x000000be05400000,0x000000be05500000) (1024K)]
  0x00000270be79b350 JavaThread "DH-Render Loader Thread[0]"        [_thread_blocked, id=29528, stack(0x000000be05c00000,0x000000be05d00000) (1024K)]
  0x0000027136e09600 JavaThread "DH-Render Loader Thread[1]"        [_thread_blocked, id=23660, stack(0x000000be05d00000,0x000000be05e00000) (1024K)]
  0x00000271419882b0 JavaThread "DH-Render Loader Thread[2]"        [_thread_in_Java, id=11148, stack(0x000000be05e00000,0x000000be05f00000) (1024K)]
  0x0000027141988940 JavaThread "DH-Render Loader Thread[3]"        [_thread_in_Java, id=26412, stack(0x000000be05f00000,0x000000be06000000) (1024K)]
  0x00000271365452b0 JavaThread "DH-Render Loader Thread[4]"        [_thread_in_Java, id=18640, stack(0x000000be06000000,0x000000be06100000) (1024K)]
  0x0000027141988fd0 JavaThread "DH-IO Thread[0]"                   [_thread_blocked, id=8500, stack(0x000000be06100000,0x000000be06200000) (1024K)]
  0x0000027094653240 JavaThread "pool-28-thread-1"                  [_thread_blocked, id=7016, stack(0x000000be06200000,0x000000be06300000) (1024K)]
  0x0000027135d47980 JavaThread "DH-Render Loader Thread[5]"        [_thread_blocked, id=27360, stack(0x000000be06300000,0x000000be06400000) (1024K)]
  0x00000270a4ce77a0 JavaThread "DH-GLBuffer Cleanup Thread[0]" daemon [_thread_blocked, id=29980, stack(0x000000be06400000,0x000000be06500000) (1024K)]
  0x0000027091d10190 JavaThread "DH-IO Thread[1]"                   [_thread_blocked, id=9584, stack(0x000000be06900000,0x000000be06a00000) (1024K)]
  0x00000271376e0f40 JavaThread "DH-IO Thread[2]"                   [_thread_blocked, id=7448, stack(0x000000be05900000,0x000000be05a00000) (1024K)]
  0x000002713709f350 JavaThread "AN stolen Minecolonies Pathfinding Worker #0" daemon [_thread_blocked, id=25468, stack(0x000000be06b00000,0x000000be06c00000) (1024K)]
  0x00000270da64fdf0 JavaThread "DH-IO Thread[3]"                   [_thread_blocked, id=26888, stack(0x000000be06a00000,0x000000be06b00000) (1024K)]
  0x0000027094200ef0 JavaThread "DH-LodQuadTree Data Retrieval Queue Thread[0]" daemon [_thread_blocked, id=30388, stack(0x000000be06c00000,0x000000be06d00000) (1024K)]
  0x00000271354138c0 JavaThread "DH-IO Thread[4]"                   [_thread_blocked, id=28172, stack(0x000000be06d00000,0x000000be06e00000) (1024K)]
  0x00000270be600cc0 JavaThread "DH-World Gen Thread[0]"            [_thread_blocked, id=26788, stack(0x000000be06e00000,0x000000be06f00000) (1024K)]
  0x00000271376e0220 JavaThread "DH-World Gen Thread[1]"            [_thread_blocked, id=29104, stack(0x000000be06f00000,0x000000be07000000) (1024K)]
  0x00000271376e1c60 JavaThread "DH-World Gen Thread[2]"            [_thread_blocked, id=15356, stack(0x000000be07000000,0x000000be07100000) (1024K)]
  0x00000271376e22f0 JavaThread "DH-World Gen Thread[3]"            [_thread_blocked, id=19880, stack(0x000000be07100000,0x000000be07200000) (1024K)]
  0x00000271376e15d0 JavaThread "DH-World Gen Thread[4]"            [_thread_blocked, id=21880, stack(0x000000be07200000,0x000000be07300000) (1024K)]
  0x00000270c43afd60 JavaThread "DH-World Gen Thread[5]"            [_thread_blocked, id=27524, stack(0x000000be07300000,0x000000be07400000) (1024K)]
  0x0000027091d0fb00 JavaThread "IO-Worker-5"                       [_thread_blocked, id=8136, stack(0x000000be07400000,0x000000be07500000) (1024K)]
  0x00000270bed6dcd0 JavaThread "DH-IO Thread[5]"                   [_thread_blocked, id=29996, stack(0x000000be03700000,0x000000be03800000) (1024K)]
  0x0000027094321d80 JavaThread "Netty Server IO #4"         daemon [_thread_in_native, id=3616, stack(0x000000be07600000,0x000000be07700000) (1024K)]
  0x00000270943216f0 JavaThread "Netty Server IO #5"         daemon [_thread_in_native, id=14128, stack(0x000000be07700000,0x000000be07800000) (1024K)]
  0x00000270943237c0 JavaThread "LanServerPinger #1"         daemon [_thread_blocked, id=26628, stack(0x000000be07800000,0x000000be07900000) (1024K)]
  0x00000271354145e0 JavaThread "Netty Server IO #6"         daemon [_thread_in_native, id=29944, stack(0x000000be00600000,0x000000be00700000) (1024K)]
  0x00000270b56f4aa0 JavaThread "Netty Server IO #7"         daemon [_thread_in_native, id=30692, stack(0x000000be00400000,0x000000be00500000) (1024K)]
  0x00000270da7d93e0 JavaThread "Worker-ResourceReload-15"   daemon [_thread_blocked, id=29636, stack(0x000000be08300000,0x000000be08400000) (1024K)]
  0x00000270b46fee40 JavaThread "DH-Network Client Handler Thread[0]"        [_thread_blocked, id=30708, stack(0x000000be05b00000,0x000000be05c00000) (1024K)]
  0x00000270c43b1110 JavaThread "DH-Network Compression Thread[0]"        [_thread_blocked, id=25884, stack(0x000000be00a00000,0x000000be00b00000) (1024K)]
  0x00000270c3b5a130 JavaThread "DH-Network Compression Thread[1]"        [_thread_blocked, id=29040, stack(0x000000be06600000,0x000000be06700000) (1024K)]
  0x00000270936bc7c0 JavaThread "DH-Network Compression Thread[2]"        [_thread_blocked, id=27500, stack(0x000000be06800000,0x000000be06900000) (1024K)]
  0x0000027094652bb0 JavaThread "DH-Network Compression Thread[3]"        [_thread_blocked, id=30116, stack(0x000000be07500000,0x000000be07600000) (1024K)]
  0x00000270c43b17a0 JavaThread "DH-Network Compression Thread[4]"        [_thread_blocked, id=30712, stack(0x000000be08200000,0x000000be08300000) (1024K)]
  0x00000271376dfb90 JavaThread "DH-Network Compression Thread[5]"        [_thread_blocked, id=28324, stack(0x000000be08500000,0x000000be08600000) (1024K)]
  0x0000027091eeb140 JavaThread "streamsreflowing-tileflush" daemon [_thread_blocked, id=26556, stack(0x000000be08600000,0x000000be08700000) (1024K)]
  0x00000270901fbf20 JavaThread "Thread-111"                        [_thread_blocked, id=28148, stack(0x000000be07900000,0x000000be07a00000) (1024K)]
  0x00000271350b0700 JavaThread "DH-Positional Lock Cleanup Thread[0]" daemon [_thread_blocked, id=25852, stack(0x000000be05100000,0x000000be05200000) (1024K)]
  0x0000027136e0a320 JavaThread "Sound engine"               daemon [_thread_blocked, id=30336, stack(0x000000be00500000,0x000000be00600000) (1024K)]
  0x00000271af5f3da0 JavaThread "Thread-135"                        [_thread_blocked, id=22160, stack(0x000000be08700000,0x000000be08800000) (1024K)]
  0x0000027135412510 JavaThread "Netty Server IO #8"         daemon [_thread_in_native, id=17988, stack(0x000000be08e00000,0x000000be08f00000) (1024K)]
  0x00000270be10fe70 JavaThread "DH-Task Picker Re-queue Schedule Thread[0]" daemon [_thread_blocked, id=28920, stack(0x000000be06500000,0x000000be06600000) (1024K)]
  0x00000270c3e64900 JavaThread "Netty Server IO #9"         daemon [_thread_in_native, id=19544, stack(0x000000be07c00000,0x000000be07d00000) (1024K)]
  0x0000027139cb0d50 JavaThread "streamsreflowing-prefetch"  daemon [_thread_blocked, id=29740, stack(0x000000be07e00000,0x000000be07f00000) (1024K)]
  0x00000270be5fe560 JavaThread "ForkJoinPool.commonPool-worker-18" daemon [_thread_blocked, id=18752, stack(0x000000be07b00000,0x000000be07c00000) (1024K)]
  0x00000271423aa9d0 JavaThread "ForkJoinPool.commonPool-worker-19" daemon [_thread_blocked, id=28996, stack(0x000000be07f00000,0x000000be08000000) (1024K)]
  0x00000270b46ff4d0 JavaThread "Download-18"                daemon [_thread_blocked, id=30060, stack(0x000000be05700000,0x000000be05800000) (1024K)]
  0x00000270be5febf0 JavaThread "IO-Worker-6"                       [_thread_blocked, id=30260, stack(0x000000be03600000,0x000000be03700000) (1024K)]
  0x0000027136545fd0 JavaThread "IO-Worker-7"                       [_thread_blocked, id=26772, stack(0x000000be05000000,0x000000be05100000) (1024K)]
  0x0000027135c38410 JavaThread "Chunk Render Task Executor #0"        [_thread_blocked, id=28940, stack(0x000000be03c00000,0x000000be03d00000) (1024K)]
  0x0000027135c376f0 JavaThread "Chunk Render Task Executor #1"        [_thread_blocked, id=21240, stack(0x000000be03d00000,0x000000be03e00000) (1024K)]
  0x0000027135c39130 JavaThread "Chunk Render Task Executor #2"        [_thread_blocked, id=29764, stack(0x000000be03e00000,0x000000be03f00000) (1024K)]
  0x0000027135c397c0 JavaThread "Chunk Render Task Executor #3"        [_thread_blocked, id=6112, stack(0x000000be03f00000,0x000000be04000000) (1024K)]
  0x0000027135c39e50 JavaThread "Chunk Render Task Executor #4"        [_thread_blocked, id=9656, stack(0x000000be04000000,0x000000be04100000) (1024K)]
  0x0000027135c37060 JavaThread "Chunk Render Task Executor #5"        [_thread_blocked, id=29084, stack(0x000000be04100000,0x000000be04200000) (1024K)]
  0x0000027135c37d80 JavaThread "Chunk Render Task Executor #6"        [_thread_blocked, id=30632, stack(0x000000be04200000,0x000000be04300000) (1024K)]
  0x00000270a698c050 JavaThread "Chunk Render Task Executor #7"        [_thread_blocked, id=30524, stack(0x000000be04300000,0x000000be04400000) (1024K)]
  0x00000270a698d400 JavaThread "Chunk Render Task Executor #8"        [_thread_blocked, id=28016, stack(0x000000be05a00000,0x000000be05b00000) (1024K)]
  0x00000270a698b330 JavaThread "Chunk Render Task Executor #9"        [_thread_blocked, id=5672, stack(0x000000be07a00000,0x000000be07b00000) (1024K)]
  0x0000027137b42eb0 JavaThread "Netty Server IO #10"        daemon [_thread_in_native, id=27596, stack(0x000000be05800000,0x000000be05900000) (1024K)]
  0x00000271423ab060 JavaThread "streamsreflowing-prefetch"  daemon [_thread_blocked, id=29240, stack(0x000000be06700000,0x000000be06800000) (1024K)]
  0x0000027135412ba0 JavaThread "streamsreflowing-sampler"   daemon [_thread_in_Java, id=28632, stack(0x000000be08000000,0x000000be08100000) (1024K)]
  0x00000270b458b450 JavaThread "streamsreflowing-sampler"   daemon [_thread_in_Java, id=30652, stack(0x000000be00100000,0x000000be00200000) (1024K)]
  0x00000270c3b59aa0 JavaThread "HttpClient-3-Worker-4"      daemon [_thread_blocked, id=29508, stack(0x000000be00300000,0x000000be00400000) (1024K)]
  0x00000271423a9cb0 JavaThread "HttpClient-3-Worker-5"      daemon [_thread_blocked, id=29760, stack(0x000000be05600000,0x000000be05700000) (1024K)]
Total: 233

Other Threads:
  0x0000027047a52fd0 VMThread "VM Thread"                           [id=30168, stack(0x000000be72300000,0x000000be72400000) (1024K)]
  0x0000027047a40880 WatcherThread "VM Periodic Task Thread"        [id=29016, stack(0x000000be72200000,0x000000be72300000) (1024K)]
  0x0000027024dce870 WorkerThread "GC Thread#0"                     [id=18596, stack(0x000000be71d00000,0x000000be71e00000) (1024K)]
  0x000002708e0f8ed0 WorkerThread "GC Thread#1"                     [id=30288, stack(0x000000be73100000,0x000000be73200000) (1024K)]
  0x000002708e0f9280 WorkerThread "GC Thread#2"                     [id=30356, stack(0x000000be73200000,0x000000be73300000) (1024K)]
  0x000002708e0f9630 WorkerThread "GC Thread#3"                     [id=29388, stack(0x000000be73300000,0x000000be73400000) (1024K)]
  0x0000027048718390 WorkerThread "GC Thread#4"                     [id=29932, stack(0x000000be73400000,0x000000be73500000) (1024K)]
  0x0000027048719480 WorkerThread "GC Thread#5"                     [id=29704, stack(0x000000be73500000,0x000000be73600000) (1024K)]
  0x000002708f64bde0 WorkerThread "GC Thread#6"                     [id=18604, stack(0x000000be73b00000,0x000000be73c00000) (1024K)]
  0x000002708f64c540 WorkerThread "GC Thread#7"                     [id=26764, stack(0x000000be74c00000,0x000000be74d00000) (1024K)]
  0x000002708f64ab70 WorkerThread "GC Thread#8"                     [id=27984, stack(0x000000be74d00000,0x000000be74e00000) (1024K)]
  0x000002708f64af20 WorkerThread "GC Thread#9"                     [id=28740, stack(0x000000be74e00000,0x000000be74f00000) (1024K)]
  0x000002708f64c190 WorkerThread "GC Thread#10"                    [id=29908, stack(0x000000be74f00000,0x000000be75000000) (1024K)]
  0x000002708f64b2d0 WorkerThread "GC Thread#11"                    [id=7576, stack(0x000000be75000000,0x000000be75100000) (1024K)]
  0x000002708f64b680 WorkerThread "GC Thread#12"                    [id=1740, stack(0x000000be75100000,0x000000be75200000) (1024K)]
  0x0000027024dd94d0 ConcurrentGCThread "G1 Main Marker"            [id=28412, stack(0x000000be71e00000,0x000000be71f00000) (1024K)]
  0x0000027024dd9ef0 WorkerThread "G1 Conc#0"                       [id=12572, stack(0x000000be71f00000,0x000000be72000000) (1024K)]
=>0x0000027093e05f30 WorkerThread "G1 Conc#1"                       [id=29372, stack(0x000000be75a00000,0x000000be75b00000) (1024K)]
  0x0000027093e08410 WorkerThread "G1 Conc#2"                       [id=19528, stack(0x000000be75b00000,0x000000be75c00000) (1024K)]
  0x0000027047915ff0 ConcurrentGCThread "G1 Refine#0"               [id=30188, stack(0x000000be72000000,0x000000be72100000) (1024K)]
  0x0000027047917a90 ConcurrentGCThread "G1 Service"                [id=30500, stack(0x000000be72100000,0x000000be72200000) (1024K)]
Total: 21

Threads with active compile tasks:
Total: 0

VM state: not at safepoint (normal execution)

VM Mutex/Monitor currently owned by a thread: None

Heap address: 0x00000005d0000000, size: 8960 MB, Compressed Oops mode: Zero based, Oop shift amount: 3

CDS archive(s) mapped at: [0x0000027049000000-0x0000027049ba0000-0x0000027049ba0000), size 12189696, SharedBaseAddress: 0x0000027049000000, ArchiveRelocationMode: 1.
Compressed class space mapped at: 0x000002704a000000-0x000002708a000000, reserved size: 1073741824
Narrow klass base: 0x0000027049000000, Narrow klass shift: 0, Narrow klass range: 0x100000000

GC Precious Log:
 CardTable entry size: 512
 Card Set container configuration: InlinePtr #cards 4 size 8 Array Of Cards #cards 64 size 144 Howl #buckets 8 coarsen threshold 14745 Howl Bitmap #cards 2048 size 272 coarsen threshold 1843 Card regions per heap region 1 cards per card region 16384
 CPUs: 16 total, 16 available
 Memory: 32660M
 Large Page Support: Disabled
 NUMA Support: Disabled
 Compressed Oops: Enabled (Zero based)
 Heap Region Size: 8M
 Heap Min Capacity: 256M
 Heap Initial Capacity: 256M
 Heap Max Capacity: 8960M
 Pre-touch: Disabled
 Parallel Workers: 13
 Concurrent Workers: 3
 Concurrent Refinement Workers: 13
 Periodic GC: Disabled

Heap:
 garbage-first heap   total 7749632K, used 5539474K [0x00000005d0000000, 0x0000000800000000)
  region size 8192K, 190 young (1556480K), 24 survivors (196608K)
 Metaspace       used 545315K, committed 552064K, reserved 1507328K
  class space    used 100173K, committed 103232K, reserved 1048576K

Heap Regions: E=young(eden), S=young(survivor), O=old, HS=humongous(starts), HC=humongous(continues), CS=collection set, F=free, TAMS=top-at-mark-start, PB=parsable bottom
|   0|0x00000005d0000000, 0x00000005d0800000, 0x00000005d0800000|100%| O|  |TAMS 0x00000005d0800000| PB 0x00000005d0000000| Untracked 
|   1|0x00000005d0800000, 0x00000005d1000000, 0x00000005d1000000|100%| O|  |TAMS 0x00000005d1000000| PB 0x00000005d0800000| Untracked 
|   2|0x00000005d1000000, 0x00000005d1800000, 0x00000005d1800000|100%| O|  |TAMS 0x00000005d1800000| PB 0x00000005d1000000| Untracked 
|   3|0x00000005d1800000, 0x00000005d2000000, 0x00000005d2000000|100%| O|  |TAMS 0x00000005d2000000| PB 0x00000005d1800000| Untracked 
|   4|0x00000005d2000000, 0x00000005d2800000, 0x00000005d2800000|100%| O|  |TAMS 0x00000005d2800000| PB 0x00000005d2000000| Untracked 
|   5|0x00000005d2800000, 0x00000005d3000000, 0x00000005d3000000|100%| O|  |TAMS 0x00000005d3000000| PB 0x00000005d2800000| Untracked 
|   6|0x00000005d3000000, 0x00000005d3800000, 0x00000005d3800000|100%|HS|  |TAMS 0x00000005d3800000| PB 0x00000005d3000000| Complete 
|   7|0x00000005d3800000, 0x00000005d4000000, 0x00000005d4000000|100%| O|  |TAMS 0x00000005d4000000| PB 0x00000005d3800000| Untracked 
|   8|0x00000005d4000000, 0x00000005d4800000, 0x00000005d4800000|100%| O|  |TAMS 0x00000005d4800000| PB 0x00000005d4000000| Untracked 
|   9|0x00000005d4800000, 0x00000005d5000000, 0x00000005d5000000|100%| O|  |TAMS 0x00000005d5000000| PB 0x00000005d4800000| Untracked 
|  10|0x00000005d5000000, 0x00000005d5800000, 0x00000005d5800000|100%| O|  |TAMS 0x00000005d5800000| PB 0x00000005d5000000| Untracked 
|  11|0x00000005d5800000, 0x00000005d6000000, 0x00000005d6000000|100%| O|  |TAMS 0x00000005d6000000| PB 0x00000005d5800000| Untracked 
|  12|0x00000005d6000000, 0x00000005d6800000, 0x00000005d6800000|100%| O|  |TAMS 0x00000005d6800000| PB 0x00000005d6000000| Untracked 
|  13|0x00000005d6800000, 0x00000005d7000000, 0x00000005d7000000|100%| O|  |TAMS 0x00000005d7000000| PB 0x00000005d6800000| Untracked 
|  14|0x00000005d7000000, 0x00000005d7800000, 0x00000005d7800000|100%| O|  |TAMS 0x00000005d7800000| PB 0x00000005d7000000| Untracked 
|  15|0x00000005d7800000, 0x00000005d8000000, 0x00000005d8000000|100%| O|  |TAMS 0x00000005d8000000| PB 0x00000005d7800000| Untracked 
|  16|0x00000005d8000000, 0x00000005d8800000, 0x00000005d8800000|100%| O|  |TAMS 0x00000005d8800000| PB 0x00000005d8000000| Untracked 
|  17|0x00000005d8800000, 0x00000005d9000000, 0x00000005d9000000|100%| O|  |TAMS 0x00000005d9000000| PB 0x00000005d8800000| Untracked 
|  18|0x00000005d9000000, 0x00000005d9800000, 0x00000005d9800000|100%| O|  |TAMS 0x00000005d9800000| PB 0x00000005d9000000| Untracked 
|  19|0x00000005d9800000, 0x00000005da000000, 0x00000005da000000|100%| O|  |TAMS 0x00000005da000000| PB 0x00000005d9800000| Untracked 
|  20|0x00000005da000000, 0x00000005da800000, 0x00000005da800000|100%| O|  |TAMS 0x00000005da800000| PB 0x00000005da000000| Untracked 
|  21|0x00000005da800000, 0x00000005db000000, 0x00000005db000000|100%| O|  |TAMS 0x00000005db000000| PB 0x00000005da800000| Untracked 
|  22|0x00000005db000000, 0x00000005db800000, 0x00000005db800000|100%| O|  |TAMS 0x00000005db800000| PB 0x00000005db000000| Untracked 
|  23|0x00000005db800000, 0x00000005dc000000, 0x00000005dc000000|100%| O|  |TAMS 0x00000005dc000000| PB 0x00000005db800000| Untracked 
|  24|0x00000005dc000000, 0x00000005dc800000, 0x00000005dc800000|100%| O|  |TAMS 0x00000005dc800000| PB 0x00000005dc000000| Untracked 
|  25|0x00000005dc800000, 0x00000005dd000000, 0x00000005dd000000|100%|HS|  |TAMS 0x00000005dd000000| PB 0x00000005dc800000| Complete 
|  26|0x00000005dd000000, 0x00000005dd800000, 0x00000005dd800000|100%|HC|  |TAMS 0x00000005dd800000| PB 0x00000005dd000000| Complete 
|  27|0x00000005dd800000, 0x00000005de000000, 0x00000005de000000|100%|HC|  |TAMS 0x00000005de000000| PB 0x00000005dd800000| Complete 
|  28|0x00000005de000000, 0x00000005de800000, 0x00000005de800000|100%|HC|  |TAMS 0x00000005de800000| PB 0x00000005de000000| Complete 
|  29|0x00000005de800000, 0x00000005df000000, 0x00000005df000000|100%| O|  |TAMS 0x00000005df000000| PB 0x00000005de800000| Untracked 
|  30|0x00000005df000000, 0x00000005df800000, 0x00000005df800000|100%|HS|  |TAMS 0x00000005df800000| PB 0x00000005df000000| Complete 
|  31|0x00000005df800000, 0x00000005e0000000, 0x00000005e0000000|100%|HS|  |TAMS 0x00000005e0000000| PB 0x00000005df800000| Complete 
|  32|0x00000005e0000000, 0x00000005e0800000, 0x00000005e0800000|100%|HS|  |TAMS 0x00000005e0800000| PB 0x00000005e0000000| Complete 
|  33|0x00000005e0800000, 0x00000005e1000000, 0x00000005e1000000|100%|HS|  |TAMS 0x00000005e1000000| PB 0x00000005e0800000| Complete 
|  34|0x00000005e1000000, 0x00000005e1800000, 0x00000005e1800000|100%|HS|  |TAMS 0x00000005e1800000| PB 0x00000005e1000000| Complete 
|  35|0x00000005e1800000, 0x00000005e2000000, 0x00000005e2000000|100%| O|  |TAMS 0x00000005e2000000| PB 0x00000005e1800000| Untracked 
|  36|0x00000005e2000000, 0x00000005e2800000, 0x00000005e2800000|100%| O|  |TAMS 0x00000005e2800000| PB 0x00000005e2000000| Untracked 
|  37|0x00000005e2800000, 0x00000005e3000000, 0x00000005e3000000|100%|HS|  |TAMS 0x00000005e3000000| PB 0x00000005e2800000| Complete 
|  38|0x00000005e3000000, 0x00000005e3800000, 0x00000005e3800000|100%| O|  |TAMS 0x00000005e3800000| PB 0x00000005e3000000| Untracked 
|  39|0x00000005e3800000, 0x00000005e4000000, 0x00000005e4000000|100%|HS|  |TAMS 0x00000005e4000000| PB 0x00000005e3800000| Complete 
|  40|0x00000005e4000000, 0x00000005e4800000, 0x00000005e4800000|100%|HC|  |TAMS 0x00000005e4800000| PB 0x00000005e4000000| Complete 
|  41|0x00000005e4800000, 0x00000005e5000000, 0x00000005e5000000|100%|HC|  |TAMS 0x00000005e5000000| PB 0x00000005e4800000| Complete 
|  42|0x00000005e5000000, 0x00000005e5800000, 0x00000005e5800000|100%|HC|  |TAMS 0x00000005e5800000| PB 0x00000005e5000000| Complete 
|  43|0x00000005e5800000, 0x00000005e6000000, 0x00000005e6000000|100%| O|  |TAMS 0x00000005e6000000| PB 0x00000005e5800000| Untracked 
|  44|0x00000005e6000000, 0x00000005e6800000, 0x00000005e6800000|100%| O|  |TAMS 0x00000005e6800000| PB 0x00000005e6000000| Untracked 
|  45|0x00000005e6800000, 0x00000005e7000000, 0x00000005e7000000|100%| O|  |TAMS 0x00000005e7000000| PB 0x00000005e6800000| Untracked 
|  46|0x00000005e7000000, 0x00000005e7800000, 0x00000005e7800000|100%| O|  |TAMS 0x00000005e7800000| PB 0x00000005e7000000| Untracked 
|  47|0x00000005e7800000, 0x00000005e8000000, 0x00000005e8000000|100%|HS|  |TAMS 0x00000005e8000000| PB 0x00000005e7800000| Complete 
|  48|0x00000005e8000000, 0x00000005e8800000, 0x00000005e8800000|100%|HC|  |TAMS 0x00000005e8800000| PB 0x00000005e8000000| Complete 
|  49|0x00000005e8800000, 0x00000005e9000000, 0x00000005e9000000|100%|HC|  |TAMS 0x00000005e9000000| PB 0x00000005e8800000| Complete 
|  50|0x00000005e9000000, 0x00000005e9800000, 0x00000005e9800000|100%|HC|  |TAMS 0x00000005e9800000| PB 0x00000005e9000000| Complete 
|  51|0x00000005e9800000, 0x00000005ea000000, 0x00000005ea000000|100%| O|  |TAMS 0x00000005ea000000| PB 0x00000005e9800000| Untracked 
|  52|0x00000005ea000000, 0x00000005ea800000, 0x00000005ea800000|100%| O|  |TAMS 0x00000005ea800000| PB 0x00000005ea000000| Untracked 
|  53|0x00000005ea800000, 0x00000005eb000000, 0x00000005eb000000|100%| O|  |TAMS 0x00000005eb000000| PB 0x00000005ea800000| Untracked 
|  54|0x00000005eb000000, 0x00000005eb800000, 0x00000005eb800000|100%| O|  |TAMS 0x00000005eb800000| PB 0x00000005eb000000| Untracked 
|  55|0x00000005eb800000, 0x00000005ec000000, 0x00000005ec000000|100%| O|  |TAMS 0x00000005ec000000| PB 0x00000005eb800000| Untracked 
|  56|0x00000005ec000000, 0x00000005ec800000, 0x00000005ec800000|100%| O|  |TAMS 0x00000005ec800000| PB 0x00000005ec000000| Untracked 
|  57|0x00000005ec800000, 0x00000005ed000000, 0x00000005ed000000|100%| O|  |TAMS 0x00000005ed000000| PB 0x00000005ec800000| Untracked 
|  58|0x00000005ed000000, 0x00000005ed800000, 0x00000005ed800000|100%| O|  |TAMS 0x00000005ed800000| PB 0x00000005ed000000| Untracked 
|  59|0x00000005ed800000, 0x00000005ee000000, 0x00000005ee000000|100%| O|  |TAMS 0x00000005ee000000| PB 0x00000005ed800000| Untracked 
|  60|0x00000005ee000000, 0x00000005ee800000, 0x00000005ee800000|100%| O|  |TAMS 0x00000005ee800000| PB 0x00000005ee000000| Untracked 
|  61|0x00000005ee800000, 0x00000005ef000000, 0x00000005ef000000|100%| O|  |TAMS 0x00000005ef000000| PB 0x00000005ee800000| Untracked 
|  62|0x00000005ef000000, 0x00000005ef800000, 0x00000005ef800000|100%| O|  |TAMS 0x00000005ef800000| PB 0x00000005ef000000| Untracked 
|  63|0x00000005ef800000, 0x00000005f0000000, 0x00000005f0000000|100%| O|  |TAMS 0x00000005f0000000| PB 0x00000005ef800000| Untracked 
|  64|0x00000005f0000000, 0x00000005f0800000, 0x00000005f0800000|100%| O|  |TAMS 0x00000005f0800000| PB 0x00000005f0000000| Untracked 
|  65|0x00000005f0800000, 0x00000005f1000000, 0x00000005f1000000|100%| O|  |TAMS 0x00000005f1000000| PB 0x00000005f0800000| Untracked 
|  66|0x00000005f1000000, 0x00000005f1800000, 0x00000005f1800000|100%| O|  |TAMS 0x00000005f1800000| PB 0x00000005f1000000| Untracked 
|  67|0x00000005f1800000, 0x00000005f2000000, 0x00000005f2000000|100%| O|  |TAMS 0x00000005f2000000| PB 0x00000005f1800000| Untracked 
|  68|0x00000005f2000000, 0x00000005f2800000, 0x00000005f2800000|100%| O|  |TAMS 0x00000005f2800000| PB 0x00000005f2000000| Untracked 
|  69|0x00000005f2800000, 0x00000005f3000000, 0x00000005f3000000|100%| O|  |TAMS 0x00000005f3000000| PB 0x00000005f2800000| Untracked 
|  70|0x00000005f3000000, 0x00000005f3800000, 0x00000005f3800000|100%| O|  |TAMS 0x00000005f3800000| PB 0x00000005f3000000| Untracked 
|  71|0x00000005f3800000, 0x00000005f4000000, 0x00000005f4000000|100%| O|  |TAMS 0x00000005f4000000| PB 0x00000005f3800000| Untracked 
|  72|0x00000005f4000000, 0x00000005f4800000, 0x00000005f4800000|100%| O|  |TAMS 0x00000005f4800000| PB 0x00000005f4000000| Untracked 
|  73|0x00000005f4800000, 0x00000005f5000000, 0x00000005f5000000|100%| O|  |TAMS 0x00000005f5000000| PB 0x00000005f4800000| Untracked 
|  74|0x00000005f5000000, 0x00000005f5800000, 0x00000005f5800000|100%| O|  |TAMS 0x00000005f5800000| PB 0x00000005f5000000| Untracked 
|  75|0x00000005f5800000, 0x00000005f6000000, 0x00000005f6000000|100%| O|  |TAMS 0x00000005f6000000| PB 0x00000005f5800000| Untracked 
|  76|0x00000005f6000000, 0x00000005f6800000, 0x00000005f6800000|100%| O|  |TAMS 0x00000005f6800000| PB 0x00000005f6000000| Untracked 
|  77|0x00000005f6800000, 0x00000005f7000000, 0x00000005f7000000|100%| O|  |TAMS 0x00000005f7000000| PB 0x00000005f6800000| Untracked 
|  78|0x00000005f7000000, 0x00000005f7800000, 0x00000005f7800000|100%| O|  |TAMS 0x00000005f7800000| PB 0x00000005f7000000| Untracked 
|  79|0x00000005f7800000, 0x00000005f8000000, 0x00000005f8000000|100%| O|  |TAMS 0x00000005f8000000| PB 0x00000005f7800000| Untracked 
|  80|0x00000005f8000000, 0x00000005f8800000, 0x00000005f8800000|100%| O|  |TAMS 0x00000005f8800000| PB 0x00000005f8000000| Untracked 
|  81|0x00000005f8800000, 0x00000005f9000000, 0x00000005f9000000|100%| O|  |TAMS 0x00000005f9000000| PB 0x00000005f8800000| Untracked 
|  82|0x00000005f9000000, 0x00000005f9800000, 0x00000005f9800000|100%| O|  |TAMS 0x00000005f9800000| PB 0x00000005f9000000| Untracked 
|  83|0x00000005f9800000, 0x00000005fa000000, 0x00000005fa000000|100%| O|  |TAMS 0x00000005fa000000| PB 0x00000005f9800000| Untracked 
|  84|0x00000005fa000000, 0x00000005fa800000, 0x00000005fa800000|100%| O|  |TAMS 0x00000005fa800000| PB 0x00000005fa000000| Untracked 
|  85|0x00000005fa800000, 0x00000005fb000000, 0x00000005fb000000|100%| O|  |TAMS 0x00000005fb000000| PB 0x00000005fa800000| Untracked 
|  86|0x00000005fb000000, 0x00000005fb800000, 0x00000005fb800000|100%| O|  |TAMS 0x00000005fb800000| PB 0x00000005fb000000| Untracked 
|  87|0x00000005fb800000, 0x00000005fc000000, 0x00000005fc000000|100%| O|  |TAMS 0x00000005fc000000| PB 0x00000005fb800000| Untracked 
|  88|0x00000005fc000000, 0x00000005fc800000, 0x00000005fc800000|100%| O|  |TAMS 0x00000005fc800000| PB 0x00000005fc000000| Untracked 
|  89|0x00000005fc800000, 0x00000005fd000000, 0x00000005fd000000|100%| O|  |TAMS 0x00000005fd000000| PB 0x00000005fc800000| Untracked 
|  90|0x00000005fd000000, 0x00000005fd800000, 0x00000005fd800000|100%| O|  |TAMS 0x00000005fd800000| PB 0x00000005fd000000| Untracked 
|  91|0x00000005fd800000, 0x00000005fe000000, 0x00000005fe000000|100%| O|  |TAMS 0x00000005fe000000| PB 0x00000005fd800000| Untracked 
|  92|0x00000005fe000000, 0x00000005fe800000, 0x00000005fe800000|100%| O|  |TAMS 0x00000005fe800000| PB 0x00000005fe000000| Untracked 
|  93|0x00000005fe800000, 0x00000005ff000000, 0x00000005ff000000|100%| O|  |TAMS 0x00000005ff000000| PB 0x00000005fe800000| Untracked 
|  94|0x00000005ff000000, 0x00000005ff800000, 0x00000005ff800000|100%| O|  |TAMS 0x00000005ff800000| PB 0x00000005ff000000| Untracked 
|  95|0x00000005ff800000, 0x0000000600000000, 0x0000000600000000|100%| O|  |TAMS 0x0000000600000000| PB 0x00000005ff800000| Untracked 
|  96|0x0000000600000000, 0x0000000600800000, 0x0000000600800000|100%|HS|  |TAMS 0x0000000600800000| PB 0x0000000600000000| Complete 
|  97|0x0000000600800000, 0x0000000601000000, 0x0000000601000000|100%|HS|  |TAMS 0x0000000601000000| PB 0x0000000600800000| Complete 
|  98|0x0000000601000000, 0x0000000601800000, 0x0000000601800000|100%| O|  |TAMS 0x0000000601800000| PB 0x0000000601000000| Untracked 
|  99|0x0000000601800000, 0x0000000602000000, 0x0000000602000000|100%| O|  |TAMS 0x0000000602000000| PB 0x0000000601800000| Untracked 
| 100|0x0000000602000000, 0x0000000602800000, 0x0000000602800000|100%| O|  |TAMS 0x0000000602800000| PB 0x0000000602000000| Untracked 
| 101|0x0000000602800000, 0x0000000603000000, 0x0000000603000000|100%| O|  |TAMS 0x0000000603000000| PB 0x0000000602800000| Untracked 
| 102|0x0000000603000000, 0x0000000603800000, 0x0000000603800000|100%| O|  |TAMS 0x0000000603800000| PB 0x0000000603000000| Untracked 
| 103|0x0000000603800000, 0x0000000604000000, 0x0000000604000000|100%| O|  |TAMS 0x0000000604000000| PB 0x0000000603800000| Untracked 
| 104|0x0000000604000000, 0x0000000604800000, 0x0000000604800000|100%| O|  |TAMS 0x0000000604800000| PB 0x0000000604000000| Untracked 
| 105|0x0000000604800000, 0x0000000605000000, 0x0000000605000000|100%| O|  |TAMS 0x0000000605000000| PB 0x0000000604800000| Untracked 
| 106|0x0000000605000000, 0x0000000605800000, 0x0000000605800000|100%| O|  |TAMS 0x0000000605800000| PB 0x0000000605000000| Untracked 
| 107|0x0000000605800000, 0x0000000606000000, 0x0000000606000000|100%| O|  |TAMS 0x0000000606000000| PB 0x0000000605800000| Untracked 
| 108|0x0000000606000000, 0x0000000606800000, 0x0000000606800000|100%| O|  |TAMS 0x0000000606800000| PB 0x0000000606000000| Untracked 
| 109|0x0000000606800000, 0x0000000607000000, 0x0000000607000000|100%| O|  |TAMS 0x0000000607000000| PB 0x0000000606800000| Untracked 
| 110|0x0000000607000000, 0x0000000607800000, 0x0000000607800000|100%| O|  |TAMS 0x0000000607800000| PB 0x0000000607000000| Untracked 
| 111|0x0000000607800000, 0x0000000608000000, 0x0000000608000000|100%| O|  |TAMS 0x0000000608000000| PB 0x0000000607800000| Untracked 
| 112|0x0000000608000000, 0x0000000608800000, 0x0000000608800000|100%| O|  |TAMS 0x0000000608800000| PB 0x0000000608000000| Untracked 
| 113|0x0000000608800000, 0x0000000609000000, 0x0000000609000000|100%| O|  |TAMS 0x0000000609000000| PB 0x0000000608800000| Untracked 
| 114|0x0000000609000000, 0x0000000609800000, 0x0000000609800000|100%| O|  |TAMS 0x0000000609800000| PB 0x0000000609000000| Untracked 
| 115|0x0000000609800000, 0x000000060a000000, 0x000000060a000000|100%| O|  |TAMS 0x000000060a000000| PB 0x0000000609800000| Untracked 
| 116|0x000000060a000000, 0x000000060a800000, 0x000000060a800000|100%| O|  |TAMS 0x000000060a800000| PB 0x000000060a000000| Untracked 
| 117|0x000000060a800000, 0x000000060b000000, 0x000000060b000000|100%| O|  |TAMS 0x000000060b000000| PB 0x000000060a800000| Untracked 
| 118|0x000000060b000000, 0x000000060b800000, 0x000000060b800000|100%| O|  |TAMS 0x000000060b800000| PB 0x000000060b000000| Untracked 
| 119|0x000000060b800000, 0x000000060c000000, 0x000000060c000000|100%| O|  |TAMS 0x000000060c000000| PB 0x000000060b800000| Untracked 
| 120|0x000000060c000000, 0x000000060c800000, 0x000000060c800000|100%| O|  |TAMS 0x000000060c800000| PB 0x000000060c000000| Untracked 
| 121|0x000000060c800000, 0x000000060d000000, 0x000000060d000000|100%| O|  |TAMS 0x000000060d000000| PB 0x000000060c800000| Untracked 
| 122|0x000000060d000000, 0x000000060d800000, 0x000000060d800000|100%| O|  |TAMS 0x000000060d800000| PB 0x000000060d000000| Untracked 
| 123|0x000000060d800000, 0x000000060e000000, 0x000000060e000000|100%| O|  |TAMS 0x000000060e000000| PB 0x000000060d800000| Untracked 
| 124|0x000000060e000000, 0x000000060e800000, 0x000000060e800000|100%| O|  |TAMS 0x000000060e800000| PB 0x000000060e000000| Untracked 
| 125|0x000000060e800000, 0x000000060f000000, 0x000000060f000000|100%|HS|  |TAMS 0x000000060f000000| PB 0x000000060e800000| Complete 
| 126|0x000000060f000000, 0x000000060f800000, 0x000000060f800000|100%| O|  |TAMS 0x000000060f800000| PB 0x000000060f000000| Untracked 
| 127|0x000000060f800000, 0x0000000610000000, 0x0000000610000000|100%| O|  |TAMS 0x0000000610000000| PB 0x000000060f800000| Untracked 
| 128|0x0000000610000000, 0x0000000610800000, 0x0000000610800000|100%| O|  |TAMS 0x0000000610800000| PB 0x0000000610000000| Untracked 
| 129|0x0000000610800000, 0x0000000611000000, 0x0000000611000000|100%| O|  |TAMS 0x0000000611000000| PB 0x0000000610800000| Untracked 
| 130|0x0000000611000000, 0x0000000611800000, 0x0000000611800000|100%| O|  |TAMS 0x0000000611800000| PB 0x0000000611000000| Untracked 
| 131|0x0000000611800000, 0x0000000612000000, 0x0000000612000000|100%| O|  |TAMS 0x0000000612000000| PB 0x0000000611800000| Untracked 
| 132|0x0000000612000000, 0x0000000612800000, 0x0000000612800000|100%| O|  |TAMS 0x0000000612800000| PB 0x0000000612000000| Untracked 
| 133|0x0000000612800000, 0x0000000613000000, 0x0000000613000000|100%| O|  |TAMS 0x0000000613000000| PB 0x0000000612800000| Untracked 
| 134|0x0000000613000000, 0x0000000613800000, 0x0000000613800000|100%|HS|  |TAMS 0x0000000613800000| PB 0x0000000613000000| Complete 
| 135|0x0000000613800000, 0x0000000614000000, 0x0000000614000000|100%| O|  |TAMS 0x0000000614000000| PB 0x0000000613800000| Untracked 
| 136|0x0000000614000000, 0x0000000614800000, 0x0000000614800000|100%| O|  |TAMS 0x0000000614800000| PB 0x0000000614000000| Untracked 
| 137|0x0000000614800000, 0x0000000615000000, 0x0000000615000000|100%|HS|  |TAMS 0x0000000615000000| PB 0x0000000614800000| Complete 
| 138|0x0000000615000000, 0x0000000615800000, 0x0000000615800000|100%| O|  |TAMS 0x0000000615800000| PB 0x0000000615000000| Untracked 
| 139|0x0000000615800000, 0x0000000616000000, 0x0000000616000000|100%|HS|  |TAMS 0x0000000616000000| PB 0x0000000615800000| Complete 
| 140|0x0000000616000000, 0x0000000616800000, 0x0000000616800000|100%| O|  |TAMS 0x0000000616800000| PB 0x0000000616000000| Untracked 
| 141|0x0000000616800000, 0x0000000617000000, 0x0000000617000000|100%| O|  |TAMS 0x0000000617000000| PB 0x0000000616800000| Untracked 
| 142|0x0000000617000000, 0x0000000617800000, 0x0000000617800000|100%| O|  |TAMS 0x0000000617800000| PB 0x0000000617000000| Untracked 
| 143|0x0000000617800000, 0x0000000618000000, 0x0000000618000000|100%|HS|  |TAMS 0x0000000618000000| PB 0x0000000617800000| Complete 
| 144|0x0000000618000000, 0x0000000618800000, 0x0000000618800000|100%|HS|  |TAMS 0x0000000618800000| PB 0x0000000618000000| Complete 
| 145|0x0000000618800000, 0x0000000619000000, 0x0000000619000000|100%| O|  |TAMS 0x0000000619000000| PB 0x0000000618800000| Untracked 
| 146|0x0000000619000000, 0x0000000619800000, 0x0000000619800000|100%| O|  |TAMS 0x0000000619800000| PB 0x0000000619000000| Untracked 
| 147|0x0000000619800000, 0x000000061a000000, 0x000000061a000000|100%| O|  |TAMS 0x000000061a000000| PB 0x0000000619800000| Untracked 
| 148|0x000000061a000000, 0x000000061a800000, 0x000000061a800000|100%| O|  |TAMS 0x000000061a800000| PB 0x000000061a000000| Untracked 
| 149|0x000000061a800000, 0x000000061b000000, 0x000000061b000000|100%|HS|  |TAMS 0x000000061b000000| PB 0x000000061a800000| Complete 
| 150|0x000000061b000000, 0x000000061b800000, 0x000000061b800000|100%| O|  |TAMS 0x000000061b800000| PB 0x000000061b000000| Untracked 
| 151|0x000000061b800000, 0x000000061c000000, 0x000000061c000000|100%| O|  |TAMS 0x000000061c000000| PB 0x000000061b800000| Untracked 
| 152|0x000000061c000000, 0x000000061c800000, 0x000000061c800000|100%| O|  |TAMS 0x000000061c800000| PB 0x000000061c000000| Untracked 
| 153|0x000000061c800000, 0x000000061d000000, 0x000000061d000000|100%| O|  |TAMS 0x000000061d000000| PB 0x000000061c800000| Untracked 
| 154|0x000000061d000000, 0x000000061d800000, 0x000000061d800000|100%| O|  |TAMS 0x000000061d800000| PB 0x000000061d000000| Untracked 
| 155|0x000000061d800000, 0x000000061e000000, 0x000000061e000000|100%| O|  |TAMS 0x000000061e000000| PB 0x000000061d800000| Untracked 
| 156|0x000000061e000000, 0x000000061e800000, 0x000000061e800000|100%| O|  |TAMS 0x000000061e800000| PB 0x000000061e000000| Untracked 
| 157|0x000000061e800000, 0x000000061f000000, 0x000000061f000000|100%|HS|  |TAMS 0x000000061f000000| PB 0x000000061e800000| Complete 
| 158|0x000000061f000000, 0x000000061f800000, 0x000000061f800000|100%| O|  |TAMS 0x000000061f800000| PB 0x000000061f000000| Untracked 
| 159|0x000000061f800000, 0x0000000620000000, 0x0000000620000000|100%| O|  |TAMS 0x0000000620000000| PB 0x000000061f800000| Untracked 
| 160|0x0000000620000000, 0x0000000620800000, 0x0000000620800000|100%| O|  |TAMS 0x0000000620800000| PB 0x0000000620000000| Untracked 
| 161|0x0000000620800000, 0x0000000621000000, 0x0000000621000000|100%| O|  |TAMS 0x0000000621000000| PB 0x0000000620800000| Untracked 
| 162|0x0000000621000000, 0x0000000621800000, 0x0000000621800000|100%| O|  |TAMS 0x0000000621800000| PB 0x0000000621000000| Untracked 
| 163|0x0000000621800000, 0x0000000622000000, 0x0000000622000000|100%| O|  |TAMS 0x0000000622000000| PB 0x0000000621800000| Untracked 
| 164|0x0000000622000000, 0x0000000622800000, 0x0000000622800000|100%| O|  |TAMS 0x0000000622800000| PB 0x0000000622000000| Untracked 
| 165|0x0000000622800000, 0x0000000623000000, 0x0000000623000000|100%| O|  |TAMS 0x0000000623000000| PB 0x0000000622800000| Untracked 
| 166|0x0000000623000000, 0x0000000623800000, 0x0000000623800000|100%| O|  |TAMS 0x0000000623800000| PB 0x0000000623000000| Untracked 
| 167|0x0000000623800000, 0x0000000624000000, 0x0000000624000000|100%| O|  |TAMS 0x0000000624000000| PB 0x0000000623800000| Untracked 
| 168|0x0000000624000000, 0x0000000624800000, 0x0000000624800000|100%| O|  |TAMS 0x0000000624800000| PB 0x0000000624000000| Untracked 
| 169|0x0000000624800000, 0x0000000625000000, 0x0000000625000000|100%| O|  |TAMS 0x0000000625000000| PB 0x0000000624800000| Untracked 
| 170|0x0000000625000000, 0x0000000625800000, 0x0000000625800000|100%| O|  |TAMS 0x0000000625800000| PB 0x0000000625000000| Untracked 
| 171|0x0000000625800000, 0x0000000626000000, 0x0000000626000000|100%| O|  |TAMS 0x0000000626000000| PB 0x0000000625800000| Untracked 
| 172|0x0000000626000000, 0x0000000626800000, 0x0000000626800000|100%| O|  |TAMS 0x0000000626800000| PB 0x0000000626000000| Untracked 
| 173|0x0000000626800000, 0x0000000627000000, 0x0000000627000000|100%| O|  |TAMS 0x0000000627000000| PB 0x0000000626800000| Untracked 
| 174|0x0000000627000000, 0x0000000627800000, 0x0000000627800000|100%| O|  |TAMS 0x0000000627800000| PB 0x0000000627000000| Untracked 
| 175|0x0000000627800000, 0x0000000627800000, 0x0000000628000000|  0%| F|  |TAMS 0x0000000627800000| PB 0x0000000627800000| Untracked 
| 176|0x0000000628000000, 0x0000000628800000, 0x0000000628800000|100%| O|  |TAMS 0x0000000628800000| PB 0x0000000628000000| Untracked 
| 177|0x0000000628800000, 0x0000000629000000, 0x0000000629000000|100%| O|  |TAMS 0x0000000629000000| PB 0x0000000628800000| Untracked 
| 178|0x0000000629000000, 0x0000000629800000, 0x0000000629800000|100%| O|  |TAMS 0x0000000629800000| PB 0x0000000629000000| Untracked 
| 179|0x0000000629800000, 0x000000062a000000, 0x000000062a000000|100%| O|  |TAMS 0x000000062a000000| PB 0x0000000629800000| Untracked 
| 180|0x000000062a000000, 0x000000062a000000, 0x000000062a800000|  0%| F|  |TAMS 0x000000062a000000| PB 0x000000062a000000| Untracked 
| 181|0x000000062a800000, 0x000000062b000000, 0x000000062b000000|100%| O|  |TAMS 0x000000062b000000| PB 0x000000062a800000| Untracked 
| 182|0x000000062b000000, 0x000000062b800000, 0x000000062b800000|100%| O|  |TAMS 0x000000062b800000| PB 0x000000062b000000| Untracked 
| 183|0x000000062b800000, 0x000000062c000000, 0x000000062c000000|100%| O|  |TAMS 0x000000062c000000| PB 0x000000062b800000| Untracked 
| 184|0x000000062c000000, 0x000000062c800000, 0x000000062c800000|100%| O|  |TAMS 0x000000062c800000| PB 0x000000062c000000| Untracked 
| 185|0x000000062c800000, 0x000000062d000000, 0x000000062d000000|100%| O|  |TAMS 0x000000062d000000| PB 0x000000062c800000| Untracked 
| 186|0x000000062d000000, 0x000000062d800000, 0x000000062d800000|100%| O|  |TAMS 0x000000062d800000| PB 0x000000062d000000| Untracked 
| 187|0x000000062d800000, 0x000000062e000000, 0x000000062e000000|100%| O|  |TAMS 0x000000062e000000| PB 0x000000062d800000| Untracked 
| 188|0x000000062e000000, 0x000000062e800000, 0x000000062e800000|100%| O|  |TAMS 0x000000062e800000| PB 0x000000062e000000| Untracked 
| 189|0x000000062e800000, 0x000000062f000000, 0x000000062f000000|100%| O|  |TAMS 0x000000062f000000| PB 0x000000062e800000| Untracked 
| 190|0x000000062f000000, 0x000000062f800000, 0x000000062f800000|100%| O|  |TAMS 0x000000062f800000| PB 0x000000062f000000| Untracked 
| 191|0x000000062f800000, 0x0000000630000000, 0x0000000630000000|100%| O|  |TAMS 0x0000000630000000| PB 0x000000062f800000| Untracked 
| 192|0x0000000630000000, 0x0000000630800000, 0x0000000630800000|100%| O|  |TAMS 0x0000000630800000| PB 0x0000000630000000| Untracked 
| 193|0x0000000630800000, 0x0000000631000000, 0x0000000631000000|100%| O|  |TAMS 0x0000000631000000| PB 0x0000000630800000| Untracked 
| 194|0x0000000631000000, 0x0000000631800000, 0x0000000631800000|100%| O|  |TAMS 0x0000000631800000| PB 0x0000000631000000| Untracked 
| 195|0x0000000631800000, 0x0000000632000000, 0x0000000632000000|100%| O|  |TAMS 0x0000000632000000| PB 0x0000000631800000| Untracked 
| 196|0x0000000632000000, 0x0000000632800000, 0x0000000632800000|100%| O|  |TAMS 0x0000000632800000| PB 0x0000000632000000| Untracked 
| 197|0x0000000632800000, 0x0000000633000000, 0x0000000633000000|100%| O|  |TAMS 0x0000000633000000| PB 0x0000000632800000| Untracked 
| 198|0x0000000633000000, 0x0000000633800000, 0x0000000633800000|100%|HS|  |TAMS 0x0000000633800000| PB 0x0000000633000000| Complete 
| 199|0x0000000633800000, 0x0000000634000000, 0x0000000634000000|100%|HS|  |TAMS 0x0000000634000000| PB 0x0000000633800000| Complete 
| 200|0x0000000634000000, 0x0000000634800000, 0x0000000634800000|100%| O|  |TAMS 0x0000000634800000| PB 0x0000000634000000| Untracked 
| 201|0x0000000634800000, 0x0000000635000000, 0x0000000635000000|100%| O|  |TAMS 0x0000000635000000| PB 0x0000000634800000| Untracked 
| 202|0x0000000635000000, 0x0000000635800000, 0x0000000635800000|100%| O|  |TAMS 0x0000000635800000| PB 0x0000000635000000| Untracked 
| 203|0x0000000635800000, 0x0000000636000000, 0x0000000636000000|100%| O|  |TAMS 0x0000000636000000| PB 0x0000000635800000| Untracked 
| 204|0x0000000636000000, 0x0000000636800000, 0x0000000636800000|100%| O|  |TAMS 0x0000000636800000| PB 0x0000000636000000| Untracked 
| 205|0x0000000636800000, 0x0000000637000000, 0x0000000637000000|100%| O|  |TAMS 0x0000000637000000| PB 0x0000000636800000| Untracked 
| 206|0x0000000637000000, 0x0000000637800000, 0x0000000637800000|100%| O|  |TAMS 0x0000000637800000| PB 0x0000000637000000| Untracked 
| 207|0x0000000637800000, 0x0000000638000000, 0x0000000638000000|100%| O|  |TAMS 0x0000000638000000| PB 0x0000000637800000| Untracked 
| 208|0x0000000638000000, 0x0000000638800000, 0x0000000638800000|100%| O|  |TAMS 0x0000000638800000| PB 0x0000000638000000| Untracked 
| 209|0x0000000638800000, 0x0000000639000000, 0x0000000639000000|100%| O|  |TAMS 0x0000000639000000| PB 0x0000000638800000| Untracked 
| 210|0x0000000639000000, 0x0000000639800000, 0x0000000639800000|100%| O|  |TAMS 0x0000000639800000| PB 0x0000000639000000| Untracked 
| 211|0x0000000639800000, 0x000000063a000000, 0x000000063a000000|100%| O|  |TAMS 0x000000063a000000| PB 0x0000000639800000| Untracked 
| 212|0x000000063a000000, 0x000000063a800000, 0x000000063a800000|100%| O|  |TAMS 0x000000063a800000| PB 0x000000063a000000| Untracked 
| 213|0x000000063a800000, 0x000000063b000000, 0x000000063b000000|100%| O|  |TAMS 0x000000063b000000| PB 0x000000063a800000| Untracked 
| 214|0x000000063b000000, 0x000000063b800000, 0x000000063b800000|100%| O|  |TAMS 0x000000063b800000| PB 0x000000063b000000| Untracked 
| 215|0x000000063b800000, 0x000000063c000000, 0x000000063c000000|100%| O|  |TAMS 0x000000063c000000| PB 0x000000063b800000| Untracked 
| 216|0x000000063c000000, 0x000000063c800000, 0x000000063c800000|100%| O|  |TAMS 0x000000063c800000| PB 0x000000063c000000| Untracked 
| 217|0x000000063c800000, 0x000000063d000000, 0x000000063d000000|100%| O|  |TAMS 0x000000063d000000| PB 0x000000063c800000| Untracked 
| 218|0x000000063d000000, 0x000000063d800000, 0x000000063d800000|100%| O|  |TAMS 0x000000063d800000| PB 0x000000063d000000| Untracked 
| 219|0x000000063d800000, 0x000000063e000000, 0x000000063e000000|100%| O|  |TAMS 0x000000063e000000| PB 0x000000063d800000| Untracked 
| 220|0x000000063e000000, 0x000000063e800000, 0x000000063e800000|100%| O|  |TAMS 0x000000063e800000| PB 0x000000063e000000| Untracked 
| 221|0x000000063e800000, 0x000000063f000000, 0x000000063f000000|100%| O|  |TAMS 0x000000063f000000| PB 0x000000063e800000| Untracked 
| 222|0x000000063f000000, 0x000000063f800000, 0x000000063f800000|100%| O|  |TAMS 0x000000063f800000| PB 0x000000063f000000| Untracked 
| 223|0x000000063f800000, 0x0000000640000000, 0x0000000640000000|100%| O|  |TAMS 0x0000000640000000| PB 0x000000063f800000| Untracked 
| 224|0x0000000640000000, 0x0000000640800000, 0x0000000640800000|100%| O|  |TAMS 0x0000000640800000| PB 0x0000000640000000| Untracked 
| 225|0x0000000640800000, 0x0000000641000000, 0x0000000641000000|100%| O|  |TAMS 0x0000000641000000| PB 0x0000000640800000| Untracked 
| 226|0x0000000641000000, 0x0000000641800000, 0x0000000641800000|100%| O|  |TAMS 0x0000000641800000| PB 0x0000000641000000| Untracked 
| 227|0x0000000641800000, 0x0000000642000000, 0x0000000642000000|100%| O|  |TAMS 0x0000000642000000| PB 0x0000000641800000| Untracked 
| 228|0x0000000642000000, 0x0000000642800000, 0x0000000642800000|100%| O|  |TAMS 0x0000000642800000| PB 0x0000000642000000| Untracked 
| 229|0x0000000642800000, 0x0000000643000000, 0x0000000643000000|100%| O|  |TAMS 0x0000000643000000| PB 0x0000000642800000| Untracked 
| 230|0x0000000643000000, 0x0000000643800000, 0x0000000643800000|100%| O|  |TAMS 0x0000000643800000| PB 0x0000000643000000| Untracked 
| 231|0x0000000643800000, 0x0000000644000000, 0x0000000644000000|100%| O|  |TAMS 0x0000000644000000| PB 0x0000000643800000| Untracked 
| 232|0x0000000644000000, 0x0000000644800000, 0x0000000644800000|100%| O|  |TAMS 0x0000000644800000| PB 0x0000000644000000| Untracked 
| 233|0x0000000644800000, 0x0000000645000000, 0x0000000645000000|100%| O|  |TAMS 0x0000000645000000| PB 0x0000000644800000| Untracked 
| 234|0x0000000645000000, 0x0000000645800000, 0x0000000645800000|100%| O|  |TAMS 0x0000000645800000| PB 0x0000000645000000| Untracked 
| 235|0x0000000645800000, 0x0000000646000000, 0x0000000646000000|100%|HS|  |TAMS 0x0000000646000000| PB 0x0000000645800000| Complete 
| 236|0x0000000646000000, 0x0000000646800000, 0x0000000646800000|100%| O|  |TAMS 0x0000000646800000| PB 0x0000000646000000| Untracked 
| 237|0x0000000646800000, 0x0000000647000000, 0x0000000647000000|100%| O|  |TAMS 0x0000000647000000| PB 0x0000000646800000| Untracked 
| 238|0x0000000647000000, 0x0000000647800000, 0x0000000647800000|100%| O|  |TAMS 0x0000000647800000| PB 0x0000000647000000| Untracked 
| 239|0x0000000647800000, 0x0000000648000000, 0x0000000648000000|100%| O|  |TAMS 0x0000000648000000| PB 0x0000000647800000| Untracked 
| 240|0x0000000648000000, 0x0000000648800000, 0x0000000648800000|100%| O|  |TAMS 0x0000000648800000| PB 0x0000000648000000| Untracked 
| 241|0x0000000648800000, 0x0000000649000000, 0x0000000649000000|100%| O|  |TAMS 0x0000000649000000| PB 0x0000000648800000| Untracked 
| 242|0x0000000649000000, 0x0000000649800000, 0x0000000649800000|100%| O|  |TAMS 0x0000000649800000| PB 0x0000000649000000| Untracked 
| 243|0x0000000649800000, 0x000000064a000000, 0x000000064a000000|100%| O|  |TAMS 0x000000064a000000| PB 0x0000000649800000| Untracked 
| 244|0x000000064a000000, 0x000000064a800000, 0x000000064a800000|100%| O|  |TAMS 0x000000064a800000| PB 0x000000064a000000| Untracked 
| 245|0x000000064a800000, 0x000000064b000000, 0x000000064b000000|100%| O|  |TAMS 0x000000064b000000| PB 0x000000064a800000| Untracked 
| 246|0x000000064b000000, 0x000000064b800000, 0x000000064b800000|100%| O|  |TAMS 0x000000064b800000| PB 0x000000064b000000| Untracked 
| 247|0x000000064b800000, 0x000000064c000000, 0x000000064c000000|100%| O|  |TAMS 0x000000064c000000| PB 0x000000064b800000| Untracked 
| 248|0x000000064c000000, 0x000000064c800000, 0x000000064c800000|100%| O|  |TAMS 0x000000064c800000| PB 0x000000064c000000| Untracked 
| 249|0x000000064c800000, 0x000000064d000000, 0x000000064d000000|100%| O|  |TAMS 0x000000064d000000| PB 0x000000064c800000| Untracked 
| 250|0x000000064d000000, 0x000000064d800000, 0x000000064d800000|100%| O|  |TAMS 0x000000064d800000| PB 0x000000064d000000| Untracked 
| 251|0x000000064d800000, 0x000000064e000000, 0x000000064e000000|100%| O|  |TAMS 0x000000064e000000| PB 0x000000064d800000| Untracked 
| 252|0x000000064e000000, 0x000000064e800000, 0x000000064e800000|100%| O|  |TAMS 0x000000064e800000| PB 0x000000064e000000| Untracked 
| 253|0x000000064e800000, 0x000000064f000000, 0x000000064f000000|100%| O|  |TAMS 0x000000064f000000| PB 0x000000064e800000| Untracked 
| 254|0x000000064f000000, 0x000000064f800000, 0x000000064f800000|100%| O|  |TAMS 0x000000064f800000| PB 0x000000064f000000| Untracked 
| 255|0x000000064f800000, 0x0000000650000000, 0x0000000650000000|100%| O|  |TAMS 0x0000000650000000| PB 0x000000064f800000| Untracked 
| 256|0x0000000650000000, 0x0000000650800000, 0x0000000650800000|100%| O|  |TAMS 0x0000000650800000| PB 0x0000000650000000| Untracked 
| 257|0x0000000650800000, 0x0000000651000000, 0x0000000651000000|100%| O|  |TAMS 0x0000000651000000| PB 0x0000000650800000| Untracked 
| 258|0x0000000651000000, 0x0000000651800000, 0x0000000651800000|100%| O|  |TAMS 0x0000000651800000| PB 0x0000000651000000| Untracked 
| 259|0x0000000651800000, 0x0000000652000000, 0x0000000652000000|100%| O|  |TAMS 0x0000000652000000| PB 0x0000000651800000| Untracked 
| 260|0x0000000652000000, 0x0000000652800000, 0x0000000652800000|100%| O|  |TAMS 0x0000000652800000| PB 0x0000000652000000| Untracked 
| 261|0x0000000652800000, 0x0000000653000000, 0x0000000653000000|100%| O|  |TAMS 0x0000000653000000| PB 0x0000000652800000| Untracked 
| 262|0x0000000653000000, 0x0000000653800000, 0x0000000653800000|100%| O|  |TAMS 0x0000000653800000| PB 0x0000000653000000| Untracked 
| 263|0x0000000653800000, 0x0000000654000000, 0x0000000654000000|100%| O|  |TAMS 0x0000000654000000| PB 0x0000000653800000| Untracked 
| 264|0x0000000654000000, 0x0000000654800000, 0x0000000654800000|100%| O|  |TAMS 0x0000000654800000| PB 0x0000000654000000| Untracked 
| 265|0x0000000654800000, 0x0000000655000000, 0x0000000655000000|100%| O|  |TAMS 0x0000000655000000| PB 0x0000000654800000| Untracked 
| 266|0x0000000655000000, 0x0000000655800000, 0x0000000655800000|100%| O|  |TAMS 0x0000000655800000| PB 0x0000000655000000| Untracked 
| 267|0x0000000655800000, 0x0000000656000000, 0x0000000656000000|100%| O|  |TAMS 0x0000000656000000| PB 0x0000000655800000| Untracked 
| 268|0x0000000656000000, 0x0000000656800000, 0x0000000656800000|100%| O|  |TAMS 0x0000000656800000| PB 0x0000000656000000| Untracked 
| 269|0x0000000656800000, 0x0000000657000000, 0x0000000657000000|100%| O|  |TAMS 0x0000000657000000| PB 0x0000000656800000| Untracked 
| 270|0x0000000657000000, 0x0000000657800000, 0x0000000657800000|100%| O|  |TAMS 0x0000000657800000| PB 0x0000000657000000| Untracked 
| 271|0x0000000657800000, 0x0000000658000000, 0x0000000658000000|100%| O|  |TAMS 0x0000000658000000| PB 0x0000000657800000| Untracked 
| 272|0x0000000658000000, 0x0000000658800000, 0x0000000658800000|100%|HS|  |TAMS 0x0000000658800000| PB 0x0000000658000000| Complete 
| 273|0x0000000658800000, 0x0000000659000000, 0x0000000659000000|100%|HS|  |TAMS 0x0000000659000000| PB 0x0000000658800000| Complete 
| 274|0x0000000659000000, 0x0000000659800000, 0x0000000659800000|100%| O|  |TAMS 0x0000000659800000| PB 0x0000000659000000| Untracked 
| 275|0x0000000659800000, 0x000000065a000000, 0x000000065a000000|100%| O|  |TAMS 0x000000065a000000| PB 0x0000000659800000| Untracked 
| 276|0x000000065a000000, 0x000000065a800000, 0x000000065a800000|100%| O|  |TAMS 0x000000065a800000| PB 0x000000065a000000| Untracked 
| 277|0x000000065a800000, 0x000000065b000000, 0x000000065b000000|100%| O|  |TAMS 0x000000065b000000| PB 0x000000065a800000| Untracked 
| 278|0x000000065b000000, 0x000000065b800000, 0x000000065b800000|100%| O|  |TAMS 0x000000065b800000| PB 0x000000065b000000| Untracked 
| 279|0x000000065b800000, 0x000000065c000000, 0x000000065c000000|100%| O|  |TAMS 0x000000065c000000| PB 0x000000065b800000| Untracked 
| 280|0x000000065c000000, 0x000000065c800000, 0x000000065c800000|100%| O|  |TAMS 0x000000065c800000| PB 0x000000065c000000| Untracked 
| 281|0x000000065c800000, 0x000000065d000000, 0x000000065d000000|100%| O|  |TAMS 0x000000065d000000| PB 0x000000065c800000| Untracked 
| 282|0x000000065d000000, 0x000000065d800000, 0x000000065d800000|100%| O|  |TAMS 0x000000065d800000| PB 0x000000065d000000| Untracked 
| 283|0x000000065d800000, 0x000000065e000000, 0x000000065e000000|100%| O|  |TAMS 0x000000065e000000| PB 0x000000065d800000| Untracked 
| 284|0x000000065e000000, 0x000000065e800000, 0x000000065e800000|100%| O|  |TAMS 0x000000065e800000| PB 0x000000065e000000| Untracked 
| 285|0x000000065e800000, 0x000000065f000000, 0x000000065f000000|100%| O|  |TAMS 0x000000065f000000| PB 0x000000065e800000| Untracked 
| 286|0x000000065f000000, 0x000000065f800000, 0x000000065f800000|100%| O|  |TAMS 0x000000065f800000| PB 0x000000065f000000| Untracked 
| 287|0x000000065f800000, 0x0000000660000000, 0x0000000660000000|100%| O|  |TAMS 0x0000000660000000| PB 0x000000065f800000| Untracked 
| 288|0x0000000660000000, 0x0000000660000000, 0x0000000660800000|  0%| F|  |TAMS 0x0000000660000000| PB 0x0000000660000000| Untracked 
| 289|0x0000000660800000, 0x0000000661000000, 0x0000000661000000|100%| O|  |TAMS 0x0000000661000000| PB 0x0000000660800000| Untracked 
| 290|0x0000000661000000, 0x0000000661800000, 0x0000000661800000|100%| O|  |TAMS 0x0000000661800000| PB 0x0000000661000000| Untracked 
| 291|0x0000000661800000, 0x0000000662000000, 0x0000000662000000|100%| O|  |TAMS 0x0000000662000000| PB 0x0000000661800000| Untracked 
| 292|0x0000000662000000, 0x0000000662800000, 0x0000000662800000|100%| O|  |TAMS 0x0000000662800000| PB 0x0000000662000000| Untracked 
| 293|0x0000000662800000, 0x0000000663000000, 0x0000000663000000|100%| O|  |TAMS 0x0000000663000000| PB 0x0000000662800000| Untracked 
| 294|0x0000000663000000, 0x0000000663800000, 0x0000000663800000|100%| O|  |TAMS 0x0000000663800000| PB 0x0000000663000000| Untracked 
| 295|0x0000000663800000, 0x0000000664000000, 0x0000000664000000|100%| O|  |TAMS 0x0000000664000000| PB 0x0000000663800000| Untracked 
| 296|0x0000000664000000, 0x0000000664800000, 0x0000000664800000|100%| O|  |TAMS 0x0000000664800000| PB 0x0000000664000000| Untracked 
| 297|0x0000000664800000, 0x0000000665000000, 0x0000000665000000|100%| O|  |TAMS 0x0000000665000000| PB 0x0000000664800000| Untracked 
| 298|0x0000000665000000, 0x0000000665800000, 0x0000000665800000|100%| O|  |TAMS 0x0000000665800000| PB 0x0000000665000000| Untracked 
| 299|0x0000000665800000, 0x0000000666000000, 0x0000000666000000|100%| O|  |TAMS 0x0000000666000000| PB 0x0000000665800000| Untracked 
| 300|0x0000000666000000, 0x0000000666800000, 0x0000000666800000|100%| O|  |TAMS 0x0000000666800000| PB 0x0000000666000000| Untracked 
| 301|0x0000000666800000, 0x0000000667000000, 0x0000000667000000|100%| O|  |TAMS 0x0000000667000000| PB 0x0000000666800000| Untracked 
| 302|0x0000000667000000, 0x0000000667800000, 0x0000000667800000|100%| O|  |TAMS 0x0000000667800000| PB 0x0000000667000000| Untracked 
| 303|0x0000000667800000, 0x0000000668000000, 0x0000000668000000|100%| O|  |TAMS 0x0000000668000000| PB 0x0000000667800000| Untracked 
| 304|0x0000000668000000, 0x0000000668800000, 0x0000000668800000|100%| O|  |TAMS 0x0000000668800000| PB 0x0000000668000000| Untracked 
| 305|0x0000000668800000, 0x0000000669000000, 0x0000000669000000|100%| O|  |TAMS 0x0000000669000000| PB 0x0000000668800000| Untracked 
| 306|0x0000000669000000, 0x0000000669800000, 0x0000000669800000|100%| O|  |TAMS 0x0000000669800000| PB 0x0000000669000000| Untracked 
| 307|0x0000000669800000, 0x000000066a000000, 0x000000066a000000|100%| O|  |TAMS 0x000000066a000000| PB 0x0000000669800000| Untracked 
| 308|0x000000066a000000, 0x000000066a800000, 0x000000066a800000|100%| O|  |TAMS 0x000000066a800000| PB 0x000000066a000000| Untracked 
| 309|0x000000066a800000, 0x000000066b000000, 0x000000066b000000|100%| O|  |TAMS 0x000000066b000000| PB 0x000000066a800000| Untracked 
| 310|0x000000066b000000, 0x000000066b800000, 0x000000066b800000|100%| O|  |TAMS 0x000000066b800000| PB 0x000000066b000000| Untracked 
| 311|0x000000066b800000, 0x000000066c000000, 0x000000066c000000|100%| O|  |TAMS 0x000000066c000000| PB 0x000000066b800000| Untracked 
| 312|0x000000066c000000, 0x000000066c800000, 0x000000066c800000|100%| O|  |TAMS 0x000000066c800000| PB 0x000000066c000000| Untracked 
| 313|0x000000066c800000, 0x000000066d000000, 0x000000066d000000|100%| O|  |TAMS 0x000000066d000000| PB 0x000000066c800000| Untracked 
| 314|0x000000066d000000, 0x000000066d800000, 0x000000066d800000|100%| O|  |TAMS 0x000000066d800000| PB 0x000000066d000000| Untracked 
| 315|0x000000066d800000, 0x000000066e000000, 0x000000066e000000|100%| O|  |TAMS 0x000000066e000000| PB 0x000000066d800000| Untracked 
| 316|0x000000066e000000, 0x000000066e800000, 0x000000066e800000|100%| O|  |TAMS 0x000000066e800000| PB 0x000000066e000000| Untracked 
| 317|0x000000066e800000, 0x000000066f000000, 0x000000066f000000|100%| O|  |TAMS 0x000000066f000000| PB 0x000000066e800000| Untracked 
| 318|0x000000066f000000, 0x000000066f800000, 0x000000066f800000|100%| O|  |TAMS 0x000000066f800000| PB 0x000000066f000000| Untracked 
| 319|0x000000066f800000, 0x0000000670000000, 0x0000000670000000|100%| O|  |TAMS 0x0000000670000000| PB 0x000000066f800000| Untracked 
| 320|0x0000000670000000, 0x0000000670800000, 0x0000000670800000|100%| O|  |TAMS 0x0000000670800000| PB 0x0000000670000000| Untracked 
| 321|0x0000000670800000, 0x0000000671000000, 0x0000000671000000|100%| O|  |TAMS 0x0000000671000000| PB 0x0000000670800000| Untracked 
| 322|0x0000000671000000, 0x0000000671800000, 0x0000000671800000|100%| O|  |TAMS 0x0000000671800000| PB 0x0000000671000000| Untracked 
| 323|0x0000000671800000, 0x0000000672000000, 0x0000000672000000|100%| O|  |TAMS 0x0000000672000000| PB 0x0000000671800000| Untracked 
| 324|0x0000000672000000, 0x0000000672800000, 0x0000000672800000|100%| O|  |TAMS 0x0000000672800000| PB 0x0000000672000000| Untracked 
| 325|0x0000000672800000, 0x0000000673000000, 0x0000000673000000|100%| O|  |TAMS 0x0000000673000000| PB 0x0000000672800000| Untracked 
| 326|0x0000000673000000, 0x0000000673800000, 0x0000000673800000|100%| O|  |TAMS 0x0000000673800000| PB 0x0000000673000000| Untracked 
| 327|0x0000000673800000, 0x0000000674000000, 0x0000000674000000|100%| O|  |TAMS 0x0000000674000000| PB 0x0000000673800000| Untracked 
| 328|0x0000000674000000, 0x0000000674800000, 0x0000000674800000|100%| O|  |TAMS 0x0000000674800000| PB 0x0000000674000000| Untracked 
| 329|0x0000000674800000, 0x0000000675000000, 0x0000000675000000|100%| O|  |TAMS 0x0000000675000000| PB 0x0000000674800000| Untracked 
| 330|0x0000000675000000, 0x0000000675800000, 0x0000000675800000|100%| O|  |TAMS 0x0000000675800000| PB 0x0000000675000000| Untracked 
| 331|0x0000000675800000, 0x0000000676000000, 0x0000000676000000|100%| O|  |TAMS 0x0000000676000000| PB 0x0000000675800000| Untracked 
| 332|0x0000000676000000, 0x0000000676800000, 0x0000000676800000|100%| O|  |TAMS 0x0000000676800000| PB 0x0000000676000000| Untracked 
| 333|0x0000000676800000, 0x0000000677000000, 0x0000000677000000|100%| O|  |TAMS 0x0000000677000000| PB 0x0000000676800000| Untracked 
| 334|0x0000000677000000, 0x0000000677800000, 0x0000000677800000|100%| O|  |TAMS 0x0000000677800000| PB 0x0000000677000000| Untracked 
| 335|0x0000000677800000, 0x0000000678000000, 0x0000000678000000|100%| O|  |TAMS 0x0000000678000000| PB 0x0000000677800000| Untracked 
| 336|0x0000000678000000, 0x0000000678800000, 0x0000000678800000|100%| O|  |TAMS 0x0000000678800000| PB 0x0000000678000000| Untracked 
| 337|0x0000000678800000, 0x0000000679000000, 0x0000000679000000|100%| O|  |TAMS 0x0000000679000000| PB 0x0000000678800000| Untracked 
| 338|0x0000000679000000, 0x0000000679800000, 0x0000000679800000|100%| O|  |TAMS 0x0000000679800000| PB 0x0000000679000000| Untracked 
| 339|0x0000000679800000, 0x000000067a000000, 0x000000067a000000|100%| O|  |TAMS 0x000000067a000000| PB 0x0000000679800000| Untracked 
| 340|0x000000067a000000, 0x000000067a800000, 0x000000067a800000|100%| O|  |TAMS 0x000000067a800000| PB 0x000000067a000000| Untracked 
| 341|0x000000067a800000, 0x000000067a800000, 0x000000067b000000|  0%| F|  |TAMS 0x000000067a800000| PB 0x000000067a800000| Untracked 
| 342|0x000000067b000000, 0x000000067b800000, 0x000000067b800000|100%| O|  |TAMS 0x000000067b800000| PB 0x000000067b000000| Untracked 
| 343|0x000000067b800000, 0x000000067c000000, 0x000000067c000000|100%| O|  |TAMS 0x000000067c000000| PB 0x000000067b800000| Untracked 
| 344|0x000000067c000000, 0x000000067c800000, 0x000000067c800000|100%|HS|  |TAMS 0x000000067c800000| PB 0x000000067c000000| Complete 
| 345|0x000000067c800000, 0x000000067d000000, 0x000000067d000000|100%| O|  |TAMS 0x000000067d000000| PB 0x000000067c800000| Untracked 
| 346|0x000000067d000000, 0x000000067d800000, 0x000000067d800000|100%| O|  |TAMS 0x000000067d800000| PB 0x000000067d000000| Untracked 
| 347|0x000000067d800000, 0x000000067e000000, 0x000000067e000000|100%| O|  |TAMS 0x000000067e000000| PB 0x000000067d800000| Untracked 
| 348|0x000000067e000000, 0x000000067e800000, 0x000000067e800000|100%| O|  |TAMS 0x000000067e800000| PB 0x000000067e000000| Untracked 
| 349|0x000000067e800000, 0x000000067f000000, 0x000000067f000000|100%| O|  |TAMS 0x000000067f000000| PB 0x000000067e800000| Untracked 
| 350|0x000000067f000000, 0x000000067f800000, 0x000000067f800000|100%| O|  |TAMS 0x000000067f800000| PB 0x000000067f000000| Untracked 
| 351|0x000000067f800000, 0x0000000680000000, 0x0000000680000000|100%| O|  |TAMS 0x0000000680000000| PB 0x000000067f800000| Untracked 
| 352|0x0000000680000000, 0x0000000680800000, 0x0000000680800000|100%| O|  |TAMS 0x0000000680800000| PB 0x0000000680000000| Untracked 
| 353|0x0000000680800000, 0x0000000680800000, 0x0000000681000000|  0%| F|  |TAMS 0x0000000680800000| PB 0x0000000680800000| Untracked 
| 354|0x0000000681000000, 0x0000000681800000, 0x0000000681800000|100%| O|  |TAMS 0x0000000681800000| PB 0x0000000681000000| Untracked 
| 355|0x0000000681800000, 0x0000000682000000, 0x0000000682000000|100%| O|  |TAMS 0x0000000682000000| PB 0x0000000681800000| Untracked 
| 356|0x0000000682000000, 0x0000000682800000, 0x0000000682800000|100%| O|  |TAMS 0x0000000682800000| PB 0x0000000682000000| Untracked 
| 357|0x0000000682800000, 0x0000000683000000, 0x0000000683000000|100%| O|  |TAMS 0x0000000683000000| PB 0x0000000682800000| Untracked 
| 358|0x0000000683000000, 0x0000000683800000, 0x0000000683800000|100%| O|  |TAMS 0x0000000683800000| PB 0x0000000683000000| Untracked 
| 359|0x0000000683800000, 0x0000000684000000, 0x0000000684000000|100%| O|  |TAMS 0x0000000684000000| PB 0x0000000683800000| Untracked 
| 360|0x0000000684000000, 0x0000000684800000, 0x0000000684800000|100%| O|  |TAMS 0x0000000684800000| PB 0x0000000684000000| Untracked 
| 361|0x0000000684800000, 0x0000000685000000, 0x0000000685000000|100%| O|  |TAMS 0x0000000685000000| PB 0x0000000684800000| Untracked 
| 362|0x0000000685000000, 0x0000000685800000, 0x0000000685800000|100%| O|  |TAMS 0x0000000685800000| PB 0x0000000685000000| Untracked 
| 363|0x0000000685800000, 0x0000000686000000, 0x0000000686000000|100%| O|  |TAMS 0x0000000686000000| PB 0x0000000685800000| Untracked 
| 364|0x0000000686000000, 0x0000000686800000, 0x0000000686800000|100%| O|  |TAMS 0x0000000686800000| PB 0x0000000686000000| Untracked 
| 365|0x0000000686800000, 0x0000000687000000, 0x0000000687000000|100%| O|  |TAMS 0x0000000687000000| PB 0x0000000686800000| Untracked 
| 366|0x0000000687000000, 0x0000000687800000, 0x0000000687800000|100%| O|  |TAMS 0x0000000687800000| PB 0x0000000687000000| Untracked 
| 367|0x0000000687800000, 0x0000000688000000, 0x0000000688000000|100%| O|  |TAMS 0x0000000688000000| PB 0x0000000687800000| Untracked 
| 368|0x0000000688000000, 0x0000000688800000, 0x0000000688800000|100%| O|  |TAMS 0x0000000688800000| PB 0x0000000688000000| Untracked 
| 369|0x0000000688800000, 0x0000000688800000, 0x0000000689000000|  0%| F|  |TAMS 0x0000000688800000| PB 0x0000000688800000| Untracked 
| 370|0x0000000689000000, 0x0000000689800000, 0x0000000689800000|100%| O|  |TAMS 0x0000000689800000| PB 0x0000000689000000| Untracked 
| 371|0x0000000689800000, 0x000000068a000000, 0x000000068a000000|100%| O|  |TAMS 0x000000068a000000| PB 0x0000000689800000| Untracked 
| 372|0x000000068a000000, 0x000000068a800000, 0x000000068a800000|100%| O|  |TAMS 0x000000068a800000| PB 0x000000068a000000| Untracked 
| 373|0x000000068a800000, 0x000000068b000000, 0x000000068b000000|100%| O|  |TAMS 0x000000068b000000| PB 0x000000068a800000| Untracked 
| 374|0x000000068b000000, 0x000000068b800000, 0x000000068b800000|100%| O|  |TAMS 0x000000068b800000| PB 0x000000068b000000| Untracked 
| 375|0x000000068b800000, 0x000000068c000000, 0x000000068c000000|100%| O|  |TAMS 0x000000068c000000| PB 0x000000068b800000| Untracked 
| 376|0x000000068c000000, 0x000000068c800000, 0x000000068c800000|100%|HS|  |TAMS 0x000000068c800000| PB 0x000000068c000000| Complete 
| 377|0x000000068c800000, 0x000000068d000000, 0x000000068d000000|100%|HC|  |TAMS 0x000000068d000000| PB 0x000000068c800000| Complete 
| 378|0x000000068d000000, 0x000000068d800000, 0x000000068d800000|100%| O|  |TAMS 0x000000068d800000| PB 0x000000068d000000| Untracked 
| 379|0x000000068d800000, 0x000000068e000000, 0x000000068e000000|100%| O|  |TAMS 0x000000068e000000| PB 0x000000068d800000| Untracked 
| 380|0x000000068e000000, 0x000000068e800000, 0x000000068e800000|100%| O|  |TAMS 0x000000068e800000| PB 0x000000068e000000| Untracked 
| 381|0x000000068e800000, 0x000000068f000000, 0x000000068f000000|100%| O|  |TAMS 0x000000068f000000| PB 0x000000068e800000| Untracked 
| 382|0x000000068f000000, 0x000000068f800000, 0x000000068f800000|100%| O|  |TAMS 0x000000068f800000| PB 0x000000068f000000| Untracked 
| 383|0x000000068f800000, 0x0000000690000000, 0x0000000690000000|100%| O|  |TAMS 0x0000000690000000| PB 0x000000068f800000| Untracked 
| 384|0x0000000690000000, 0x0000000690800000, 0x0000000690800000|100%| O|  |TAMS 0x0000000690800000| PB 0x0000000690000000| Untracked 
| 385|0x0000000690800000, 0x0000000691000000, 0x0000000691000000|100%| O|  |TAMS 0x0000000691000000| PB 0x0000000690800000| Untracked 
| 386|0x0000000691000000, 0x0000000691800000, 0x0000000691800000|100%| O|  |TAMS 0x0000000691800000| PB 0x0000000691000000| Untracked 
| 387|0x0000000691800000, 0x0000000692000000, 0x0000000692000000|100%| O|  |TAMS 0x0000000692000000| PB 0x0000000691800000| Untracked 
| 388|0x0000000692000000, 0x0000000692800000, 0x0000000692800000|100%| O|  |TAMS 0x0000000692800000| PB 0x0000000692000000| Untracked 
| 389|0x0000000692800000, 0x0000000693000000, 0x0000000693000000|100%| O|  |TAMS 0x0000000693000000| PB 0x0000000692800000| Untracked 
| 390|0x0000000693000000, 0x0000000693000000, 0x0000000693800000|  0%| F|  |TAMS 0x0000000693000000| PB 0x0000000693000000| Untracked 
| 391|0x0000000693800000, 0x0000000694000000, 0x0000000694000000|100%| O|  |TAMS 0x0000000694000000| PB 0x0000000693800000| Untracked 
| 392|0x0000000694000000, 0x0000000694800000, 0x0000000694800000|100%| O|  |TAMS 0x0000000694800000| PB 0x0000000694000000| Untracked 
| 393|0x0000000694800000, 0x0000000695000000, 0x0000000695000000|100%| O|  |TAMS 0x0000000695000000| PB 0x0000000694800000| Untracked 
| 394|0x0000000695000000, 0x0000000695800000, 0x0000000695800000|100%| O|  |TAMS 0x0000000695800000| PB 0x0000000695000000| Untracked 
| 395|0x0000000695800000, 0x0000000696000000, 0x0000000696000000|100%| O|  |TAMS 0x0000000696000000| PB 0x0000000695800000| Untracked 
| 396|0x0000000696000000, 0x0000000696800000, 0x0000000696800000|100%| O|  |TAMS 0x0000000696800000| PB 0x0000000696000000| Untracked 
| 397|0x0000000696800000, 0x0000000697000000, 0x0000000697000000|100%| O|  |TAMS 0x0000000697000000| PB 0x0000000696800000| Untracked 
| 398|0x0000000697000000, 0x0000000697800000, 0x0000000697800000|100%| O|  |TAMS 0x0000000697800000| PB 0x0000000697000000| Untracked 
| 399|0x0000000697800000, 0x0000000698000000, 0x0000000698000000|100%| O|  |TAMS 0x0000000698000000| PB 0x0000000697800000| Untracked 
| 400|0x0000000698000000, 0x0000000698800000, 0x0000000698800000|100%| O|  |TAMS 0x0000000698800000| PB 0x0000000698000000| Untracked 
| 401|0x0000000698800000, 0x0000000699000000, 0x0000000699000000|100%| O|  |TAMS 0x0000000699000000| PB 0x0000000698800000| Untracked 
| 402|0x0000000699000000, 0x0000000699800000, 0x0000000699800000|100%| O|  |TAMS 0x0000000699800000| PB 0x0000000699000000| Untracked 
| 403|0x0000000699800000, 0x000000069a000000, 0x000000069a000000|100%| O|  |TAMS 0x000000069a000000| PB 0x0000000699800000| Untracked 
| 404|0x000000069a000000, 0x000000069a800000, 0x000000069a800000|100%| O|  |TAMS 0x000000069a800000| PB 0x000000069a000000| Untracked 
| 405|0x000000069a800000, 0x000000069b000000, 0x000000069b000000|100%| O|  |TAMS 0x000000069b000000| PB 0x000000069a800000| Untracked 
| 406|0x000000069b000000, 0x000000069b800000, 0x000000069b800000|100%| O|  |TAMS 0x000000069b800000| PB 0x000000069b000000| Untracked 
| 407|0x000000069b800000, 0x000000069c000000, 0x000000069c000000|100%| O|  |TAMS 0x000000069c000000| PB 0x000000069b800000| Untracked 
| 408|0x000000069c000000, 0x000000069c800000, 0x000000069c800000|100%| O|  |TAMS 0x000000069c800000| PB 0x000000069c000000| Untracked 
| 409|0x000000069c800000, 0x000000069d000000, 0x000000069d000000|100%| O|  |TAMS 0x000000069d000000| PB 0x000000069c800000| Untracked 
| 410|0x000000069d000000, 0x000000069d800000, 0x000000069d800000|100%| O|  |TAMS 0x000000069d800000| PB 0x000000069d000000| Untracked 
| 411|0x000000069d800000, 0x000000069e000000, 0x000000069e000000|100%| O|  |TAMS 0x000000069e000000| PB 0x000000069d800000| Untracked 
| 412|0x000000069e000000, 0x000000069e800000, 0x000000069e800000|100%| O|  |TAMS 0x000000069e800000| PB 0x000000069e000000| Untracked 
| 413|0x000000069e800000, 0x000000069f000000, 0x000000069f000000|100%| O|  |TAMS 0x000000069f000000| PB 0x000000069e800000| Untracked 
| 414|0x000000069f000000, 0x000000069f800000, 0x000000069f800000|100%| O|  |TAMS 0x000000069f800000| PB 0x000000069f000000| Untracked 
| 415|0x000000069f800000, 0x00000006a0000000, 0x00000006a0000000|100%| O|  |TAMS 0x00000006a0000000| PB 0x000000069f800000| Untracked 
| 416|0x00000006a0000000, 0x00000006a0800000, 0x00000006a0800000|100%| O|  |TAMS 0x00000006a0800000| PB 0x00000006a0000000| Untracked 
| 417|0x00000006a0800000, 0x00000006a1000000, 0x00000006a1000000|100%| O|  |TAMS 0x00000006a1000000| PB 0x00000006a0800000| Untracked 
| 418|0x00000006a1000000, 0x00000006a1800000, 0x00000006a1800000|100%| O|  |TAMS 0x00000006a1800000| PB 0x00000006a1000000| Untracked 
| 419|0x00000006a1800000, 0x00000006a2000000, 0x00000006a2000000|100%| O|  |TAMS 0x00000006a2000000| PB 0x00000006a1800000| Untracked 
| 420|0x00000006a2000000, 0x00000006a2800000, 0x00000006a2800000|100%| O|  |TAMS 0x00000006a2800000| PB 0x00000006a2000000| Untracked 
| 421|0x00000006a2800000, 0x00000006a3000000, 0x00000006a3000000|100%| O|  |TAMS 0x00000006a3000000| PB 0x00000006a2800000| Untracked 
| 422|0x00000006a3000000, 0x00000006a3800000, 0x00000006a3800000|100%| O|  |TAMS 0x00000006a3800000| PB 0x00000006a3000000| Untracked 
| 423|0x00000006a3800000, 0x00000006a3800000, 0x00000006a4000000|  0%| F|  |TAMS 0x00000006a3800000| PB 0x00000006a3800000| Untracked 
| 424|0x00000006a4000000, 0x00000006a4800000, 0x00000006a4800000|100%| O|  |TAMS 0x00000006a4800000| PB 0x00000006a4000000| Untracked 
| 425|0x00000006a4800000, 0x00000006a5000000, 0x00000006a5000000|100%| O|  |TAMS 0x00000006a5000000| PB 0x00000006a4800000| Untracked 
| 426|0x00000006a5000000, 0x00000006a5800000, 0x00000006a5800000|100%| O|  |TAMS 0x00000006a5800000| PB 0x00000006a5000000| Untracked 
| 427|0x00000006a5800000, 0x00000006a6000000, 0x00000006a6000000|100%| O|  |TAMS 0x00000006a6000000| PB 0x00000006a5800000| Untracked 
| 428|0x00000006a6000000, 0x00000006a6800000, 0x00000006a6800000|100%| O|  |TAMS 0x00000006a6800000| PB 0x00000006a6000000| Untracked 
| 429|0x00000006a6800000, 0x00000006a7000000, 0x00000006a7000000|100%| O|  |TAMS 0x00000006a7000000| PB 0x00000006a6800000| Untracked 
| 430|0x00000006a7000000, 0x00000006a7800000, 0x00000006a7800000|100%| O|  |TAMS 0x00000006a7800000| PB 0x00000006a7000000| Untracked 
| 431|0x00000006a7800000, 0x00000006a8000000, 0x00000006a8000000|100%| O|  |TAMS 0x00000006a8000000| PB 0x00000006a7800000| Untracked 
| 432|0x00000006a8000000, 0x00000006a8800000, 0x00000006a8800000|100%| O|  |TAMS 0x00000006a8800000| PB 0x00000006a8000000| Untracked 
| 433|0x00000006a8800000, 0x00000006a9000000, 0x00000006a9000000|100%| O|  |TAMS 0x00000006a9000000| PB 0x00000006a8800000| Untracked 
| 434|0x00000006a9000000, 0x00000006a9800000, 0x00000006a9800000|100%| O|  |TAMS 0x00000006a9800000| PB 0x00000006a9000000| Untracked 
| 435|0x00000006a9800000, 0x00000006aa000000, 0x00000006aa000000|100%| O|  |TAMS 0x00000006aa000000| PB 0x00000006a9800000| Untracked 
| 436|0x00000006aa000000, 0x00000006aa800000, 0x00000006aa800000|100%| O|  |TAMS 0x00000006aa800000| PB 0x00000006aa000000| Untracked 
| 437|0x00000006aa800000, 0x00000006ab000000, 0x00000006ab000000|100%| O|  |TAMS 0x00000006ab000000| PB 0x00000006aa800000| Untracked 
| 438|0x00000006ab000000, 0x00000006ab800000, 0x00000006ab800000|100%| O|  |TAMS 0x00000006ab800000| PB 0x00000006ab000000| Untracked 
| 439|0x00000006ab800000, 0x00000006ac000000, 0x00000006ac000000|100%| O|  |TAMS 0x00000006ac000000| PB 0x00000006ab800000| Untracked 
| 440|0x00000006ac000000, 0x00000006ac800000, 0x00000006ac800000|100%| O|  |TAMS 0x00000006ac800000| PB 0x00000006ac000000| Untracked 
| 441|0x00000006ac800000, 0x00000006ad000000, 0x00000006ad000000|100%| O|  |TAMS 0x00000006ad000000| PB 0x00000006ac800000| Untracked 
| 442|0x00000006ad000000, 0x00000006ad800000, 0x00000006ad800000|100%| O|  |TAMS 0x00000006ad800000| PB 0x00000006ad000000| Untracked 
| 443|0x00000006ad800000, 0x00000006ae000000, 0x00000006ae000000|100%| O|  |TAMS 0x00000006ae000000| PB 0x00000006ad800000| Untracked 
| 444|0x00000006ae000000, 0x00000006ae800000, 0x00000006ae800000|100%| O|  |TAMS 0x00000006ae800000| PB 0x00000006ae000000| Untracked 
| 445|0x00000006ae800000, 0x00000006af000000, 0x00000006af000000|100%| O|  |TAMS 0x00000006af000000| PB 0x00000006ae800000| Untracked 
| 446|0x00000006af000000, 0x00000006af800000, 0x00000006af800000|100%| O|  |TAMS 0x00000006af800000| PB 0x00000006af000000| Untracked 
| 447|0x00000006af800000, 0x00000006b0000000, 0x00000006b0000000|100%| O|  |TAMS 0x00000006b0000000| PB 0x00000006af800000| Untracked 
| 448|0x00000006b0000000, 0x00000006b0800000, 0x00000006b0800000|100%| O|  |TAMS 0x00000006b0800000| PB 0x00000006b0000000| Untracked 
| 449|0x00000006b0800000, 0x00000006b1000000, 0x00000006b1000000|100%| O|  |TAMS 0x00000006b1000000| PB 0x00000006b0800000| Untracked 
| 450|0x00000006b1000000, 0x00000006b1800000, 0x00000006b1800000|100%| O|  |TAMS 0x00000006b1800000| PB 0x00000006b1000000| Untracked 
| 451|0x00000006b1800000, 0x00000006b2000000, 0x00000006b2000000|100%| O|  |TAMS 0x00000006b2000000| PB 0x00000006b1800000| Untracked 
| 452|0x00000006b2000000, 0x00000006b2800000, 0x00000006b2800000|100%| O|  |TAMS 0x00000006b2800000| PB 0x00000006b2000000| Untracked 
| 453|0x00000006b2800000, 0x00000006b3000000, 0x00000006b3000000|100%| O|  |TAMS 0x00000006b3000000| PB 0x00000006b2800000| Untracked 
| 454|0x00000006b3000000, 0x00000006b3800000, 0x00000006b3800000|100%| O|  |TAMS 0x00000006b3800000| PB 0x00000006b3000000| Untracked 
| 455|0x00000006b3800000, 0x00000006b3800000, 0x00000006b4000000|  0%| F|  |TAMS 0x00000006b3800000| PB 0x00000006b3800000| Untracked 
| 456|0x00000006b4000000, 0x00000006b4800000, 0x00000006b4800000|100%| O|  |TAMS 0x00000006b4800000| PB 0x00000006b4000000| Untracked 
| 457|0x00000006b4800000, 0x00000006b5000000, 0x00000006b5000000|100%| O|  |TAMS 0x00000006b5000000| PB 0x00000006b4800000| Untracked 
| 458|0x00000006b5000000, 0x00000006b5800000, 0x00000006b5800000|100%| O|  |TAMS 0x00000006b5800000| PB 0x00000006b5000000| Untracked 
| 459|0x00000006b5800000, 0x00000006b5a90d20, 0x00000006b6000000| 32%| O|  |TAMS 0x00000006b5a90d20| PB 0x00000006b5800000| Untracked 
| 460|0x00000006b6000000, 0x00000006b6800000, 0x00000006b6800000|100%| O|  |TAMS 0x00000006b6800000| PB 0x00000006b6000000| Untracked 
| 461|0x00000006b6800000, 0x00000006b6800000, 0x00000006b7000000|  0%| F|  |TAMS 0x00000006b6800000| PB 0x00000006b6800000| Untracked 
| 462|0x00000006b7000000, 0x00000006b7800000, 0x00000006b7800000|100%| O|  |TAMS 0x00000006b7800000| PB 0x00000006b7000000| Untracked 
| 463|0x00000006b7800000, 0x00000006b8000000, 0x00000006b8000000|100%| O|  |TAMS 0x00000006b8000000| PB 0x00000006b7800000| Untracked 
| 464|0x00000006b8000000, 0x00000006b8800000, 0x00000006b8800000|100%| O|  |TAMS 0x00000006b8800000| PB 0x00000006b8000000| Untracked 
| 465|0x00000006b8800000, 0x00000006b9000000, 0x00000006b9000000|100%| O|  |TAMS 0x00000006b9000000| PB 0x00000006b8800000| Untracked 
| 466|0x00000006b9000000, 0x00000006b9800000, 0x00000006b9800000|100%| O|  |TAMS 0x00000006b9800000| PB 0x00000006b9000000| Untracked 
| 467|0x00000006b9800000, 0x00000006b9800000, 0x00000006ba000000|  0%| F|  |TAMS 0x00000006b9800000| PB 0x00000006b9800000| Untracked 
| 468|0x00000006ba000000, 0x00000006ba800000, 0x00000006ba800000|100%| O|  |TAMS 0x00000006ba800000| PB 0x00000006ba000000| Untracked 
| 469|0x00000006ba800000, 0x00000006ba800000, 0x00000006bb000000|  0%| F|  |TAMS 0x00000006ba800000| PB 0x00000006ba800000| Untracked 
| 470|0x00000006bb000000, 0x00000006bb800000, 0x00000006bb800000|100%| O|  |TAMS 0x00000006bb800000| PB 0x00000006bb000000| Untracked 
| 471|0x00000006bb800000, 0x00000006bb800000, 0x00000006bc000000|  0%| F|  |TAMS 0x00000006bb800000| PB 0x00000006bb800000| Untracked 
| 472|0x00000006bc000000, 0x00000006bc000000, 0x00000006bc800000|  0%| F|  |TAMS 0x00000006bc000000| PB 0x00000006bc000000| Untracked 
| 473|0x00000006bc800000, 0x00000006bd000000, 0x00000006bd000000|100%| O|  |TAMS 0x00000006bd000000| PB 0x00000006bc800000| Untracked 
| 474|0x00000006bd000000, 0x00000006bd800000, 0x00000006bd800000|100%| O|  |TAMS 0x00000006bd800000| PB 0x00000006bd000000| Untracked 
| 475|0x00000006bd800000, 0x00000006be000000, 0x00000006be000000|100%| O|  |TAMS 0x00000006be000000| PB 0x00000006bd800000| Untracked 
| 476|0x00000006be000000, 0x00000006be800000, 0x00000006be800000|100%| O|  |TAMS 0x00000006be800000| PB 0x00000006be000000| Untracked 
| 477|0x00000006be800000, 0x00000006bf000000, 0x00000006bf000000|100%| O|  |TAMS 0x00000006bf000000| PB 0x00000006be800000| Untracked 
| 478|0x00000006bf000000, 0x00000006bf800000, 0x00000006bf800000|100%| O|  |TAMS 0x00000006bf800000| PB 0x00000006bf000000| Untracked 
| 479|0x00000006bf800000, 0x00000006c0000000, 0x00000006c0000000|100%| O|  |TAMS 0x00000006c0000000| PB 0x00000006bf800000| Untracked 
| 480|0x00000006c0000000, 0x00000006c0000000, 0x00000006c0800000|  0%| F|  |TAMS 0x00000006c0000000| PB 0x00000006c0000000| Untracked 
| 481|0x00000006c0800000, 0x00000006c0800000, 0x00000006c1000000|  0%| F|  |TAMS 0x00000006c0800000| PB 0x00000006c0800000| Untracked 
| 482|0x00000006c1000000, 0x00000006c1000000, 0x00000006c1800000|  0%| F|  |TAMS 0x00000006c1000000| PB 0x00000006c1000000| Untracked 
| 483|0x00000006c1800000, 0x00000006c1800000, 0x00000006c2000000|  0%| F|  |TAMS 0x00000006c1800000| PB 0x00000006c1800000| Untracked 
| 484|0x00000006c2000000, 0x00000006c2000000, 0x00000006c2800000|  0%| F|  |TAMS 0x00000006c2000000| PB 0x00000006c2000000| Untracked 
| 485|0x00000006c2800000, 0x00000006c2800000, 0x00000006c3000000|  0%| F|  |TAMS 0x00000006c2800000| PB 0x00000006c2800000| Untracked 
| 486|0x00000006c3000000, 0x00000006c3000000, 0x00000006c3800000|  0%| F|  |TAMS 0x00000006c3000000| PB 0x00000006c3000000| Untracked 
| 487|0x00000006c3800000, 0x00000006c3800000, 0x00000006c4000000|  0%| F|  |TAMS 0x00000006c3800000| PB 0x00000006c3800000| Untracked 
| 488|0x00000006c4000000, 0x00000006c4000000, 0x00000006c4800000|  0%| F|  |TAMS 0x00000006c4000000| PB 0x00000006c4000000| Untracked 
| 489|0x00000006c4800000, 0x00000006c4800000, 0x00000006c5000000|  0%| F|  |TAMS 0x00000006c4800000| PB 0x00000006c4800000| Untracked 
| 490|0x00000006c5000000, 0x00000006c5800000, 0x00000006c5800000|100%| O|  |TAMS 0x00000006c5800000| PB 0x00000006c5000000| Untracked 
| 491|0x00000006c5800000, 0x00000006c5f13e50, 0x00000006c6000000| 88%| S|CS|TAMS 0x00000006c5800000| PB 0x00000006c5800000| Complete 
| 492|0x00000006c6000000, 0x00000006c6800000, 0x00000006c6800000|100%| O|  |TAMS 0x00000006c6800000| PB 0x00000006c6000000| Untracked 
| 493|0x00000006c6800000, 0x00000006c6800000, 0x00000006c7000000|  0%| F|  |TAMS 0x00000006c6800000| PB 0x00000006c6800000| Untracked 
| 494|0x00000006c7000000, 0x00000006c7800000, 0x00000006c7800000|100%| S|CS|TAMS 0x00000006c7000000| PB 0x00000006c7000000| Complete 
| 495|0x00000006c7800000, 0x00000006c8000000, 0x00000006c8000000|100%| S|CS|TAMS 0x00000006c7800000| PB 0x00000006c7800000| Complete 
| 496|0x00000006c8000000, 0x00000006c8000000, 0x00000006c8800000|  0%| F|  |TAMS 0x00000006c8000000| PB 0x00000006c8000000| Untracked 
| 497|0x00000006c8800000, 0x00000006c8800000, 0x00000006c9000000|  0%| F|  |TAMS 0x00000006c8800000| PB 0x00000006c8800000| Untracked 
| 498|0x00000006c9000000, 0x00000006c9000000, 0x00000006c9800000|  0%| F|  |TAMS 0x00000006c9000000| PB 0x00000006c9000000| Untracked 
| 499|0x00000006c9800000, 0x00000006c9800000, 0x00000006ca000000|  0%| F|  |TAMS 0x00000006c9800000| PB 0x00000006c9800000| Untracked 
| 500|0x00000006ca000000, 0x00000006ca000000, 0x00000006ca800000|  0%| F|  |TAMS 0x00000006ca000000| PB 0x00000006ca000000| Untracked 
| 501|0x00000006ca800000, 0x00000006ca800000, 0x00000006cb000000|  0%| F|  |TAMS 0x00000006ca800000| PB 0x00000006ca800000| Untracked 
| 502|0x00000006cb000000, 0x00000006cb800000, 0x00000006cb800000|100%| O|  |TAMS 0x00000006cb800000| PB 0x00000006cb000000| Untracked 
| 503|0x00000006cb800000, 0x00000006cc000000, 0x00000006cc000000|100%| O|  |TAMS 0x00000006cc000000| PB 0x00000006cb800000| Untracked 
| 504|0x00000006cc000000, 0x00000006cc800000, 0x00000006cc800000|100%| O|  |TAMS 0x00000006cc800000| PB 0x00000006cc000000| Untracked 
| 505|0x00000006cc800000, 0x00000006cc800000, 0x00000006cd000000|  0%| F|  |TAMS 0x00000006cc800000| PB 0x00000006cc800000| Untracked 
| 506|0x00000006cd000000, 0x00000006cd000000, 0x00000006cd800000|  0%| F|  |TAMS 0x00000006cd000000| PB 0x00000006cd000000| Untracked 
| 507|0x00000006cd800000, 0x00000006ce000000, 0x00000006ce000000|100%| O|  |TAMS 0x00000006ce000000| PB 0x00000006cd800000| Untracked 
| 508|0x00000006ce000000, 0x00000006ce800000, 0x00000006ce800000|100%| O|  |TAMS 0x00000006ce800000| PB 0x00000006ce000000| Untracked 
| 509|0x00000006ce800000, 0x00000006cf000000, 0x00000006cf000000|100%| O|  |TAMS 0x00000006cf000000| PB 0x00000006ce800000| Untracked 
| 510|0x00000006cf000000, 0x00000006cf000000, 0x00000006cf800000|  0%| F|  |TAMS 0x00000006cf000000| PB 0x00000006cf000000| Untracked 
| 511|0x00000006cf800000, 0x00000006d0000000, 0x00000006d0000000|100%| S|CS|TAMS 0x00000006cf800000| PB 0x00000006cf800000| Complete 
| 512|0x00000006d0000000, 0x00000006d0000000, 0x00000006d0800000|  0%| F|  |TAMS 0x00000006d0000000| PB 0x00000006d0000000| Untracked 
| 513|0x00000006d0800000, 0x00000006d0800000, 0x00000006d1000000|  0%| F|  |TAMS 0x00000006d0800000| PB 0x00000006d0800000| Untracked 
| 514|0x00000006d1000000, 0x00000006d1000000, 0x00000006d1800000|  0%| F|  |TAMS 0x00000006d1000000| PB 0x00000006d1000000| Untracked 
| 515|0x00000006d1800000, 0x00000006d1800000, 0x00000006d2000000|  0%| F|  |TAMS 0x00000006d1800000| PB 0x00000006d1800000| Untracked 
| 516|0x00000006d2000000, 0x00000006d2000000, 0x00000006d2800000|  0%| F|  |TAMS 0x00000006d2000000| PB 0x00000006d2000000| Untracked 
| 517|0x00000006d2800000, 0x00000006d2800000, 0x00000006d3000000|  0%| F|  |TAMS 0x00000006d2800000| PB 0x00000006d2800000| Untracked 
| 518|0x00000006d3000000, 0x00000006d3000000, 0x00000006d3800000|  0%| F|  |TAMS 0x00000006d3000000| PB 0x00000006d3000000| Untracked 
| 519|0x00000006d3800000, 0x00000006d3800000, 0x00000006d4000000|  0%| F|  |TAMS 0x00000006d3800000| PB 0x00000006d3800000| Untracked 
| 520|0x00000006d4000000, 0x00000006d4000000, 0x00000006d4800000|  0%| F|  |TAMS 0x00000006d4000000| PB 0x00000006d4000000| Untracked 
| 521|0x00000006d4800000, 0x00000006d4800000, 0x00000006d5000000|  0%| F|  |TAMS 0x00000006d4800000| PB 0x00000006d4800000| Untracked 
| 522|0x00000006d5000000, 0x00000006d5000000, 0x00000006d5800000|  0%| F|  |TAMS 0x00000006d5000000| PB 0x00000006d5000000| Untracked 
| 523|0x00000006d5800000, 0x00000006d5800000, 0x00000006d6000000|  0%| F|  |TAMS 0x00000006d5800000| PB 0x00000006d5800000| Untracked 
| 524|0x00000006d6000000, 0x00000006d6000000, 0x00000006d6800000|  0%| F|  |TAMS 0x00000006d6000000| PB 0x00000006d6000000| Untracked 
| 525|0x00000006d6800000, 0x00000006d6800000, 0x00000006d7000000|  0%| F|  |TAMS 0x00000006d6800000| PB 0x00000006d6800000| Untracked 
| 526|0x00000006d7000000, 0x00000006d7800000, 0x00000006d7800000|100%| S|CS|TAMS 0x00000006d7000000| PB 0x00000006d7000000| Complete 
| 527|0x00000006d7800000, 0x00000006d8000000, 0x00000006d8000000|100%| S|CS|TAMS 0x00000006d7800000| PB 0x00000006d7800000| Complete 
| 528|0x00000006d8000000, 0x00000006d8800000, 0x00000006d8800000|100%| S|CS|TAMS 0x00000006d8000000| PB 0x00000006d8000000| Complete 
| 529|0x00000006d8800000, 0x00000006d9000000, 0x00000006d9000000|100%| S|CS|TAMS 0x00000006d8800000| PB 0x00000006d8800000| Complete 
| 530|0x00000006d9000000, 0x00000006d9800000, 0x00000006d9800000|100%| O|  |TAMS 0x00000006d9800000| PB 0x00000006d9000000| Untracked 
| 531|0x00000006d9800000, 0x00000006da000000, 0x00000006da000000|100%| S|CS|TAMS 0x00000006d9800000| PB 0x00000006d9800000| Complete 
| 532|0x00000006da000000, 0x00000006da800000, 0x00000006da800000|100%| S|CS|TAMS 0x00000006da000000| PB 0x00000006da000000| Complete 
| 533|0x00000006da800000, 0x00000006db000000, 0x00000006db000000|100%| S|CS|TAMS 0x00000006da800000| PB 0x00000006da800000| Complete 
| 534|0x00000006db000000, 0x00000006db800000, 0x00000006db800000|100%| S|CS|TAMS 0x00000006db000000| PB 0x00000006db000000| Complete 
| 535|0x00000006db800000, 0x00000006dc000000, 0x00000006dc000000|100%| S|CS|TAMS 0x00000006db800000| PB 0x00000006db800000| Complete 
| 536|0x00000006dc000000, 0x00000006dc800000, 0x00000006dc800000|100%| S|CS|TAMS 0x00000006dc000000| PB 0x00000006dc000000| Complete 
| 537|0x00000006dc800000, 0x00000006dd000000, 0x00000006dd000000|100%| O|  |TAMS 0x00000006dd000000| PB 0x00000006dc800000| Untracked 
| 538|0x00000006dd000000, 0x00000006dd800000, 0x00000006dd800000|100%| O|  |TAMS 0x00000006dd800000| PB 0x00000006dd000000| Untracked 
| 539|0x00000006dd800000, 0x00000006de000000, 0x00000006de000000|100%| O|  |TAMS 0x00000006de000000| PB 0x00000006dd800000| Untracked 
| 540|0x00000006de000000, 0x00000006de800000, 0x00000006de800000|100%| S|CS|TAMS 0x00000006de000000| PB 0x00000006de000000| Complete 
| 541|0x00000006de800000, 0x00000006df000000, 0x00000006df000000|100%| S|CS|TAMS 0x00000006de800000| PB 0x00000006de800000| Complete 
| 542|0x00000006df000000, 0x00000006df800000, 0x00000006df800000|100%| O|  |TAMS 0x00000006df800000| PB 0x00000006df000000| Untracked 
| 543|0x00000006df800000, 0x00000006e0000000, 0x00000006e0000000|100%| S|CS|TAMS 0x00000006df800000| PB 0x00000006df800000| Complete 
| 544|0x00000006e0000000, 0x00000006e0800000, 0x00000006e0800000|100%| S|CS|TAMS 0x00000006e0000000| PB 0x00000006e0000000| Complete 
| 545|0x00000006e0800000, 0x00000006e1000000, 0x00000006e1000000|100%| S|CS|TAMS 0x00000006e0800000| PB 0x00000006e0800000| Complete 
| 546|0x00000006e1000000, 0x00000006e1800000, 0x00000006e1800000|100%| S|CS|TAMS 0x00000006e1000000| PB 0x00000006e1000000| Complete 
| 547|0x00000006e1800000, 0x00000006e2000000, 0x00000006e2000000|100%| S|CS|TAMS 0x00000006e1800000| PB 0x00000006e1800000| Complete 
| 548|0x00000006e2000000, 0x00000006e2800000, 0x00000006e2800000|100%| S|CS|TAMS 0x00000006e2000000| PB 0x00000006e2000000| Complete 
| 549|0x00000006e2800000, 0x00000006e3000000, 0x00000006e3000000|100%| S|CS|TAMS 0x00000006e2800000| PB 0x00000006e2800000| Complete 
| 550|0x00000006e3000000, 0x00000006e3800000, 0x00000006e3800000|100%| S|CS|TAMS 0x00000006e3000000| PB 0x00000006e3000000| Complete 
| 551|0x00000006e3800000, 0x00000006e3800000, 0x00000006e4000000|  0%| F|  |TAMS 0x00000006e3800000| PB 0x00000006e3800000| Untracked 
| 552|0x00000006e4000000, 0x00000006e4000000, 0x00000006e4800000|  0%| F|  |TAMS 0x00000006e4000000| PB 0x00000006e4000000| Untracked 
| 553|0x00000006e4800000, 0x00000006e4800000, 0x00000006e5000000|  0%| F|  |TAMS 0x00000006e4800000| PB 0x00000006e4800000| Untracked 
| 554|0x00000006e5000000, 0x00000006e5000000, 0x00000006e5800000|  0%| F|  |TAMS 0x00000006e5000000| PB 0x00000006e5000000| Untracked 
| 555|0x00000006e5800000, 0x00000006e5800000, 0x00000006e6000000|  0%| F|  |TAMS 0x00000006e5800000| PB 0x00000006e5800000| Untracked 
| 556|0x00000006e6000000, 0x00000006e6000000, 0x00000006e6800000|  0%| F|  |TAMS 0x00000006e6000000| PB 0x00000006e6000000| Untracked 
| 557|0x00000006e6800000, 0x00000006e6800000, 0x00000006e7000000|  0%| F|  |TAMS 0x00000006e6800000| PB 0x00000006e6800000| Untracked 
| 558|0x00000006e7000000, 0x00000006e7000000, 0x00000006e7800000|  0%| F|  |TAMS 0x00000006e7000000| PB 0x00000006e7000000| Untracked 
| 559|0x00000006e7800000, 0x00000006e7800000, 0x00000006e8000000|  0%| F|  |TAMS 0x00000006e7800000| PB 0x00000006e7800000| Untracked 
| 560|0x00000006e8000000, 0x00000006e8000000, 0x00000006e8800000|  0%| F|  |TAMS 0x00000006e8000000| PB 0x00000006e8000000| Untracked 
| 561|0x00000006e8800000, 0x00000006e8800000, 0x00000006e9000000|  0%| F|  |TAMS 0x00000006e8800000| PB 0x00000006e8800000| Untracked 
| 562|0x00000006e9000000, 0x00000006e9000000, 0x00000006e9800000|  0%| F|  |TAMS 0x00000006e9000000| PB 0x00000006e9000000| Untracked 
| 563|0x00000006e9800000, 0x00000006e9800000, 0x00000006ea000000|  0%| F|  |TAMS 0x00000006e9800000| PB 0x00000006e9800000| Untracked 
| 564|0x00000006ea000000, 0x00000006ea000000, 0x00000006ea800000|  0%| F|  |TAMS 0x00000006ea000000| PB 0x00000006ea000000| Untracked 
| 565|0x00000006ea800000, 0x00000006ea800000, 0x00000006eb000000|  0%| F|  |TAMS 0x00000006ea800000| PB 0x00000006ea800000| Untracked 
| 566|0x00000006eb000000, 0x00000006eb000000, 0x00000006eb800000|  0%| F|  |TAMS 0x00000006eb000000| PB 0x00000006eb000000| Untracked 
| 567|0x00000006eb800000, 0x00000006eb800000, 0x00000006ec000000|  0%| F|  |TAMS 0x00000006eb800000| PB 0x00000006eb800000| Untracked 
| 568|0x00000006ec000000, 0x00000006ec000000, 0x00000006ec800000|  0%| F|  |TAMS 0x00000006ec000000| PB 0x00000006ec000000| Untracked 
| 569|0x00000006ec800000, 0x00000006ec800000, 0x00000006ed000000|  0%| F|  |TAMS 0x00000006ec800000| PB 0x00000006ec800000| Untracked 
| 570|0x00000006ed000000, 0x00000006ed000000, 0x00000006ed800000|  0%| F|  |TAMS 0x00000006ed000000| PB 0x00000006ed000000| Untracked 
| 571|0x00000006ed800000, 0x00000006ed800000, 0x00000006ee000000|  0%| F|  |TAMS 0x00000006ed800000| PB 0x00000006ed800000| Untracked 
| 572|0x00000006ee000000, 0x00000006ee000000, 0x00000006ee800000|  0%| F|  |TAMS 0x00000006ee000000| PB 0x00000006ee000000| Untracked 
| 573|0x00000006ee800000, 0x00000006ee800000, 0x00000006ef000000|  0%| F|  |TAMS 0x00000006ee800000| PB 0x00000006ee800000| Untracked 
| 574|0x00000006ef000000, 0x00000006ef000000, 0x00000006ef800000|  0%| F|  |TAMS 0x00000006ef000000| PB 0x00000006ef000000| Untracked 
| 575|0x00000006ef800000, 0x00000006ef800000, 0x00000006f0000000|  0%| F|  |TAMS 0x00000006ef800000| PB 0x00000006ef800000| Untracked 
| 576|0x00000006f0000000, 0x00000006f0000000, 0x00000006f0800000|  0%| F|  |TAMS 0x00000006f0000000| PB 0x00000006f0000000| Untracked 
| 577|0x00000006f0800000, 0x00000006f0800000, 0x00000006f1000000|  0%| F|  |TAMS 0x00000006f0800000| PB 0x00000006f0800000| Untracked 
| 578|0x00000006f1000000, 0x00000006f1000000, 0x00000006f1800000|  0%| F|  |TAMS 0x00000006f1000000| PB 0x00000006f1000000| Untracked 
| 579|0x00000006f1800000, 0x00000006f1800000, 0x00000006f2000000|  0%| F|  |TAMS 0x00000006f1800000| PB 0x00000006f1800000| Untracked 
| 580|0x00000006f2000000, 0x00000006f2000000, 0x00000006f2800000|  0%| F|  |TAMS 0x00000006f2000000| PB 0x00000006f2000000| Untracked 
| 581|0x00000006f2800000, 0x00000006f2800000, 0x00000006f3000000|  0%| F|  |TAMS 0x00000006f2800000| PB 0x00000006f2800000| Untracked 
| 582|0x00000006f3000000, 0x00000006f3000000, 0x00000006f3800000|  0%| F|  |TAMS 0x00000006f3000000| PB 0x00000006f3000000| Untracked 
| 583|0x00000006f3800000, 0x00000006f3800000, 0x00000006f4000000|  0%| F|  |TAMS 0x00000006f3800000| PB 0x00000006f3800000| Untracked 
| 584|0x00000006f4000000, 0x00000006f4000000, 0x00000006f4800000|  0%| F|  |TAMS 0x00000006f4000000| PB 0x00000006f4000000| Untracked 
| 585|0x00000006f4800000, 0x00000006f4800000, 0x00000006f5000000|  0%| F|  |TAMS 0x00000006f4800000| PB 0x00000006f4800000| Untracked 
| 586|0x00000006f5000000, 0x00000006f5000000, 0x00000006f5800000|  0%| F|  |TAMS 0x00000006f5000000| PB 0x00000006f5000000| Untracked 
| 587|0x00000006f5800000, 0x00000006f5800000, 0x00000006f6000000|  0%| F|  |TAMS 0x00000006f5800000| PB 0x00000006f5800000| Untracked 
| 588|0x00000006f6000000, 0x00000006f6000000, 0x00000006f6800000|  0%| F|  |TAMS 0x00000006f6000000| PB 0x00000006f6000000| Untracked 
| 589|0x00000006f6800000, 0x00000006f6800000, 0x00000006f7000000|  0%| F|  |TAMS 0x00000006f6800000| PB 0x00000006f6800000| Untracked 
| 590|0x00000006f7000000, 0x00000006f7000000, 0x00000006f7800000|  0%| F|  |TAMS 0x00000006f7000000| PB 0x00000006f7000000| Untracked 
| 591|0x00000006f7800000, 0x00000006f7800000, 0x00000006f8000000|  0%| F|  |TAMS 0x00000006f7800000| PB 0x00000006f7800000| Untracked 
| 592|0x00000006f8000000, 0x00000006f8000000, 0x00000006f8800000|  0%| F|  |TAMS 0x00000006f8000000| PB 0x00000006f8000000| Untracked 
| 593|0x00000006f8800000, 0x00000006f8800000, 0x00000006f9000000|  0%| F|  |TAMS 0x00000006f8800000| PB 0x00000006f8800000| Untracked 
| 594|0x00000006f9000000, 0x00000006f9000000, 0x00000006f9800000|  0%| F|  |TAMS 0x00000006f9000000| PB 0x00000006f9000000| Untracked 
| 595|0x00000006f9800000, 0x00000006f9800000, 0x00000006fa000000|  0%| F|  |TAMS 0x00000006f9800000| PB 0x00000006f9800000| Untracked 
| 596|0x00000006fa000000, 0x00000006fa000000, 0x00000006fa800000|  0%| F|  |TAMS 0x00000006fa000000| PB 0x00000006fa000000| Untracked 
| 597|0x00000006fa800000, 0x00000006fa800000, 0x00000006fb000000|  0%| F|  |TAMS 0x00000006fa800000| PB 0x00000006fa800000| Untracked 
| 598|0x00000006fb000000, 0x00000006fb000000, 0x00000006fb800000|  0%| F|  |TAMS 0x00000006fb000000| PB 0x00000006fb000000| Untracked 
| 599|0x00000006fb800000, 0x00000006fb800000, 0x00000006fc000000|  0%| F|  |TAMS 0x00000006fb800000| PB 0x00000006fb800000| Untracked 
| 600|0x00000006fc000000, 0x00000006fc000000, 0x00000006fc800000|  0%| F|  |TAMS 0x00000006fc000000| PB 0x00000006fc000000| Untracked 
| 601|0x00000006fc800000, 0x00000006fc800000, 0x00000006fd000000|  0%| F|  |TAMS 0x00000006fc800000| PB 0x00000006fc800000| Untracked 
| 602|0x00000006fd000000, 0x00000006fd000000, 0x00000006fd800000|  0%| F|  |TAMS 0x00000006fd000000| PB 0x00000006fd000000| Untracked 
| 603|0x00000006fd800000, 0x00000006fd800000, 0x00000006fe000000|  0%| F|  |TAMS 0x00000006fd800000| PB 0x00000006fd800000| Untracked 
| 604|0x00000006fe000000, 0x00000006fe000000, 0x00000006fe800000|  0%| F|  |TAMS 0x00000006fe000000| PB 0x00000006fe000000| Untracked 
| 605|0x00000006fe800000, 0x00000006fe800000, 0x00000006ff000000|  0%| F|  |TAMS 0x00000006fe800000| PB 0x00000006fe800000| Untracked 
| 606|0x00000006ff000000, 0x00000006ff000000, 0x00000006ff800000|  0%| F|  |TAMS 0x00000006ff000000| PB 0x00000006ff000000| Untracked 
| 607|0x00000006ff800000, 0x00000006ff800000, 0x0000000700000000|  0%| F|  |TAMS 0x00000006ff800000| PB 0x00000006ff800000| Untracked 
| 608|0x0000000700000000, 0x0000000700000000, 0x0000000700800000|  0%| F|  |TAMS 0x0000000700000000| PB 0x0000000700000000| Untracked 
| 609|0x0000000700800000, 0x0000000700800000, 0x0000000701000000|  0%| F|  |TAMS 0x0000000700800000| PB 0x0000000700800000| Untracked 
| 610|0x0000000701000000, 0x0000000701000000, 0x0000000701800000|  0%| F|  |TAMS 0x0000000701000000| PB 0x0000000701000000| Untracked 
| 611|0x0000000701800000, 0x0000000701800000, 0x0000000702000000|  0%| F|  |TAMS 0x0000000701800000| PB 0x0000000701800000| Untracked 
| 612|0x0000000702000000, 0x0000000702000000, 0x0000000702800000|  0%| F|  |TAMS 0x0000000702000000| PB 0x0000000702000000| Untracked 
| 613|0x0000000702800000, 0x0000000702800000, 0x0000000703000000|  0%| F|  |TAMS 0x0000000702800000| PB 0x0000000702800000| Untracked 
| 614|0x0000000703000000, 0x0000000703000000, 0x0000000703800000|  0%| F|  |TAMS 0x0000000703000000| PB 0x0000000703000000| Untracked 
| 615|0x0000000703800000, 0x0000000703800000, 0x0000000704000000|  0%| F|  |TAMS 0x0000000703800000| PB 0x0000000703800000| Untracked 
| 616|0x0000000704000000, 0x0000000704000000, 0x0000000704800000|  0%| F|  |TAMS 0x0000000704000000| PB 0x0000000704000000| Untracked 
| 617|0x0000000704800000, 0x0000000704800000, 0x0000000705000000|  0%| F|  |TAMS 0x0000000704800000| PB 0x0000000704800000| Untracked 
| 618|0x0000000705000000, 0x0000000705000000, 0x0000000705800000|  0%| F|  |TAMS 0x0000000705000000| PB 0x0000000705000000| Untracked 
| 619|0x0000000705800000, 0x0000000705800000, 0x0000000706000000|  0%| F|  |TAMS 0x0000000705800000| PB 0x0000000705800000| Untracked 
| 620|0x0000000706000000, 0x0000000706000000, 0x0000000706800000|  0%| F|  |TAMS 0x0000000706000000| PB 0x0000000706000000| Untracked 
| 621|0x0000000706800000, 0x0000000706800000, 0x0000000707000000|  0%| F|  |TAMS 0x0000000706800000| PB 0x0000000706800000| Untracked 
| 622|0x0000000707000000, 0x0000000707000000, 0x0000000707800000|  0%| F|  |TAMS 0x0000000707000000| PB 0x0000000707000000| Untracked 
| 623|0x0000000707800000, 0x0000000707800000, 0x0000000708000000|  0%| F|  |TAMS 0x0000000707800000| PB 0x0000000707800000| Untracked 
| 624|0x0000000708000000, 0x0000000708000000, 0x0000000708800000|  0%| F|  |TAMS 0x0000000708000000| PB 0x0000000708000000| Untracked 
| 625|0x0000000708800000, 0x0000000708800000, 0x0000000709000000|  0%| F|  |TAMS 0x0000000708800000| PB 0x0000000708800000| Untracked 
| 626|0x0000000709000000, 0x0000000709000000, 0x0000000709800000|  0%| F|  |TAMS 0x0000000709000000| PB 0x0000000709000000| Untracked 
| 627|0x0000000709800000, 0x0000000709800000, 0x000000070a000000|  0%| F|  |TAMS 0x0000000709800000| PB 0x0000000709800000| Untracked 
| 628|0x000000070a000000, 0x000000070a000000, 0x000000070a800000|  0%| F|  |TAMS 0x000000070a000000| PB 0x000000070a000000| Untracked 
| 629|0x000000070a800000, 0x000000070a800000, 0x000000070b000000|  0%| F|  |TAMS 0x000000070a800000| PB 0x000000070a800000| Untracked 
| 630|0x000000070b000000, 0x000000070b000000, 0x000000070b800000|  0%| F|  |TAMS 0x000000070b000000| PB 0x000000070b000000| Untracked 
| 631|0x000000070b800000, 0x000000070b800000, 0x000000070c000000|  0%| F|  |TAMS 0x000000070b800000| PB 0x000000070b800000| Untracked 
| 632|0x000000070c000000, 0x000000070c000000, 0x000000070c800000|  0%| F|  |TAMS 0x000000070c000000| PB 0x000000070c000000| Untracked 
| 633|0x000000070c800000, 0x000000070c800000, 0x000000070d000000|  0%| F|  |TAMS 0x000000070c800000| PB 0x000000070c800000| Untracked 
| 634|0x000000070d000000, 0x000000070d000000, 0x000000070d800000|  0%| F|  |TAMS 0x000000070d000000| PB 0x000000070d000000| Untracked 
| 635|0x000000070d800000, 0x000000070d800000, 0x000000070e000000|  0%| F|  |TAMS 0x000000070d800000| PB 0x000000070d800000| Untracked 
| 636|0x000000070e000000, 0x000000070e000000, 0x000000070e800000|  0%| F|  |TAMS 0x000000070e000000| PB 0x000000070e000000| Untracked 
| 637|0x000000070e800000, 0x000000070e800000, 0x000000070f000000|  0%| F|  |TAMS 0x000000070e800000| PB 0x000000070e800000| Untracked 
| 638|0x000000070f000000, 0x000000070f000000, 0x000000070f800000|  0%| F|  |TAMS 0x000000070f000000| PB 0x000000070f000000| Untracked 
| 639|0x000000070f800000, 0x000000070f800000, 0x0000000710000000|  0%| F|  |TAMS 0x000000070f800000| PB 0x000000070f800000| Untracked 
| 640|0x0000000710000000, 0x0000000710000000, 0x0000000710800000|  0%| F|  |TAMS 0x0000000710000000| PB 0x0000000710000000| Untracked 
| 641|0x0000000710800000, 0x0000000710800000, 0x0000000711000000|  0%| F|  |TAMS 0x0000000710800000| PB 0x0000000710800000| Untracked 
| 642|0x0000000711000000, 0x0000000711000000, 0x0000000711800000|  0%| F|  |TAMS 0x0000000711000000| PB 0x0000000711000000| Untracked 
| 643|0x0000000711800000, 0x0000000711800000, 0x0000000712000000|  0%| F|  |TAMS 0x0000000711800000| PB 0x0000000711800000| Untracked 
| 644|0x0000000712000000, 0x0000000712000000, 0x0000000712800000|  0%| F|  |TAMS 0x0000000712000000| PB 0x0000000712000000| Untracked 
| 645|0x0000000712800000, 0x0000000712800000, 0x0000000713000000|  0%| F|  |TAMS 0x0000000712800000| PB 0x0000000712800000| Untracked 
| 646|0x0000000713000000, 0x0000000713000000, 0x0000000713800000|  0%| F|  |TAMS 0x0000000713000000| PB 0x0000000713000000| Untracked 
| 647|0x0000000713800000, 0x0000000713800000, 0x0000000714000000|  0%| F|  |TAMS 0x0000000713800000| PB 0x0000000713800000| Untracked 
| 648|0x0000000714000000, 0x0000000714000000, 0x0000000714800000|  0%| F|  |TAMS 0x0000000714000000| PB 0x0000000714000000| Untracked 
| 649|0x0000000714800000, 0x0000000714800000, 0x0000000715000000|  0%| F|  |TAMS 0x0000000714800000| PB 0x0000000714800000| Untracked 
| 650|0x0000000715000000, 0x0000000715000000, 0x0000000715800000|  0%| F|  |TAMS 0x0000000715000000| PB 0x0000000715000000| Untracked 
| 651|0x0000000715800000, 0x0000000715800000, 0x0000000716000000|  0%| F|  |TAMS 0x0000000715800000| PB 0x0000000715800000| Untracked 
| 652|0x0000000716000000, 0x0000000716000000, 0x0000000716800000|  0%| F|  |TAMS 0x0000000716000000| PB 0x0000000716000000| Untracked 
| 653|0x0000000716800000, 0x0000000716800000, 0x0000000717000000|  0%| F|  |TAMS 0x0000000716800000| PB 0x0000000716800000| Untracked 
| 654|0x0000000717000000, 0x0000000717000000, 0x0000000717800000|  0%| F|  |TAMS 0x0000000717000000| PB 0x0000000717000000| Untracked 
| 655|0x0000000717800000, 0x0000000717800000, 0x0000000718000000|  0%| F|  |TAMS 0x0000000717800000| PB 0x0000000717800000| Untracked 
| 656|0x0000000718000000, 0x0000000718000000, 0x0000000718800000|  0%| F|  |TAMS 0x0000000718000000| PB 0x0000000718000000| Untracked 
| 657|0x0000000718800000, 0x0000000718800000, 0x0000000719000000|  0%| F|  |TAMS 0x0000000718800000| PB 0x0000000718800000| Untracked 
| 658|0x0000000719000000, 0x0000000719000000, 0x0000000719800000|  0%| F|  |TAMS 0x0000000719000000| PB 0x0000000719000000| Untracked 
| 659|0x0000000719800000, 0x0000000719800000, 0x000000071a000000|  0%| F|  |TAMS 0x0000000719800000| PB 0x0000000719800000| Untracked 
| 660|0x000000071a000000, 0x000000071a000000, 0x000000071a800000|  0%| F|  |TAMS 0x000000071a000000| PB 0x000000071a000000| Untracked 
| 661|0x000000071a800000, 0x000000071a800000, 0x000000071b000000|  0%| F|  |TAMS 0x000000071a800000| PB 0x000000071a800000| Untracked 
| 662|0x000000071b000000, 0x000000071b000000, 0x000000071b800000|  0%| F|  |TAMS 0x000000071b000000| PB 0x000000071b000000| Untracked 
| 663|0x000000071b800000, 0x000000071b800000, 0x000000071c000000|  0%| F|  |TAMS 0x000000071b800000| PB 0x000000071b800000| Untracked 
| 664|0x000000071c000000, 0x000000071c000000, 0x000000071c800000|  0%| F|  |TAMS 0x000000071c000000| PB 0x000000071c000000| Untracked 
| 665|0x000000071c800000, 0x000000071c800000, 0x000000071d000000|  0%| F|  |TAMS 0x000000071c800000| PB 0x000000071c800000| Untracked 
| 666|0x000000071d000000, 0x000000071d000000, 0x000000071d800000|  0%| F|  |TAMS 0x000000071d000000| PB 0x000000071d000000| Untracked 
| 667|0x000000071d800000, 0x000000071d800000, 0x000000071e000000|  0%| F|  |TAMS 0x000000071d800000| PB 0x000000071d800000| Untracked 
| 668|0x000000071e000000, 0x000000071e000000, 0x000000071e800000|  0%| F|  |TAMS 0x000000071e000000| PB 0x000000071e000000| Untracked 
| 669|0x000000071e800000, 0x000000071e800000, 0x000000071f000000|  0%| F|  |TAMS 0x000000071e800000| PB 0x000000071e800000| Untracked 
| 670|0x000000071f000000, 0x000000071f000000, 0x000000071f800000|  0%| F|  |TAMS 0x000000071f000000| PB 0x000000071f000000| Untracked 
| 671|0x000000071f800000, 0x000000071f800000, 0x0000000720000000|  0%| F|  |TAMS 0x000000071f800000| PB 0x000000071f800000| Untracked 
| 672|0x0000000720000000, 0x0000000720000000, 0x0000000720800000|  0%| F|  |TAMS 0x0000000720000000| PB 0x0000000720000000| Untracked 
| 673|0x0000000720800000, 0x0000000720800000, 0x0000000721000000|  0%| F|  |TAMS 0x0000000720800000| PB 0x0000000720800000| Untracked 
| 674|0x0000000721000000, 0x0000000721000000, 0x0000000721800000|  0%| F|  |TAMS 0x0000000721000000| PB 0x0000000721000000| Untracked 
| 675|0x0000000721800000, 0x0000000721800000, 0x0000000722000000|  0%| F|  |TAMS 0x0000000721800000| PB 0x0000000721800000| Untracked 
| 676|0x0000000722000000, 0x0000000722000000, 0x0000000722800000|  0%| F|  |TAMS 0x0000000722000000| PB 0x0000000722000000| Untracked 
| 677|0x0000000722800000, 0x0000000722800000, 0x0000000723000000|  0%| F|  |TAMS 0x0000000722800000| PB 0x0000000722800000| Untracked 
| 678|0x0000000723000000, 0x0000000723000000, 0x0000000723800000|  0%| F|  |TAMS 0x0000000723000000| PB 0x0000000723000000| Untracked 
| 679|0x0000000723800000, 0x0000000723800000, 0x0000000724000000|  0%| F|  |TAMS 0x0000000723800000| PB 0x0000000723800000| Untracked 
| 680|0x0000000724000000, 0x0000000724000000, 0x0000000724800000|  0%| F|  |TAMS 0x0000000724000000| PB 0x0000000724000000| Untracked 
| 681|0x0000000724800000, 0x0000000724800000, 0x0000000725000000|  0%| F|  |TAMS 0x0000000724800000| PB 0x0000000724800000| Untracked 
| 682|0x0000000725000000, 0x0000000725000000, 0x0000000725800000|  0%| F|  |TAMS 0x0000000725000000| PB 0x0000000725000000| Untracked 
| 683|0x0000000725800000, 0x0000000725800000, 0x0000000726000000|  0%| F|  |TAMS 0x0000000725800000| PB 0x0000000725800000| Untracked 
| 684|0x0000000726000000, 0x0000000726000000, 0x0000000726800000|  0%| F|  |TAMS 0x0000000726000000| PB 0x0000000726000000| Untracked 
| 685|0x0000000726800000, 0x0000000726800000, 0x0000000727000000|  0%| F|  |TAMS 0x0000000726800000| PB 0x0000000726800000| Untracked 
| 686|0x0000000727000000, 0x0000000727000000, 0x0000000727800000|  0%| F|  |TAMS 0x0000000727000000| PB 0x0000000727000000| Untracked 
| 687|0x0000000727800000, 0x0000000727800000, 0x0000000728000000|  0%| F|  |TAMS 0x0000000727800000| PB 0x0000000727800000| Untracked 
| 688|0x0000000728000000, 0x0000000728000000, 0x0000000728800000|  0%| F|  |TAMS 0x0000000728000000| PB 0x0000000728000000| Untracked 
| 689|0x0000000728800000, 0x0000000728800000, 0x0000000729000000|  0%| F|  |TAMS 0x0000000728800000| PB 0x0000000728800000| Untracked 
| 690|0x0000000729000000, 0x0000000729000000, 0x0000000729800000|  0%| F|  |TAMS 0x0000000729000000| PB 0x0000000729000000| Untracked 
| 691|0x0000000729800000, 0x0000000729800000, 0x000000072a000000|  0%| F|  |TAMS 0x0000000729800000| PB 0x0000000729800000| Untracked 
| 692|0x000000072a000000, 0x000000072a000000, 0x000000072a800000|  0%| F|  |TAMS 0x000000072a000000| PB 0x000000072a000000| Untracked 
| 693|0x000000072a800000, 0x000000072a800000, 0x000000072b000000|  0%| F|  |TAMS 0x000000072a800000| PB 0x000000072a800000| Untracked 
| 694|0x000000072b000000, 0x000000072b000000, 0x000000072b800000|  0%| F|  |TAMS 0x000000072b000000| PB 0x000000072b000000| Untracked 
| 695|0x000000072b800000, 0x000000072b800000, 0x000000072c000000|  0%| F|  |TAMS 0x000000072b800000| PB 0x000000072b800000| Untracked 
| 696|0x000000072c000000, 0x000000072c000000, 0x000000072c800000|  0%| F|  |TAMS 0x000000072c000000| PB 0x000000072c000000| Untracked 
| 697|0x000000072c800000, 0x000000072c800000, 0x000000072d000000|  0%| F|  |TAMS 0x000000072c800000| PB 0x000000072c800000| Untracked 
| 698|0x000000072d000000, 0x000000072d000000, 0x000000072d800000|  0%| F|  |TAMS 0x000000072d000000| PB 0x000000072d000000| Untracked 
| 699|0x000000072d800000, 0x000000072d800000, 0x000000072e000000|  0%| F|  |TAMS 0x000000072d800000| PB 0x000000072d800000| Untracked 
| 700|0x000000072e000000, 0x000000072e000000, 0x000000072e800000|  0%| F|  |TAMS 0x000000072e000000| PB 0x000000072e000000| Untracked 
| 701|0x000000072e800000, 0x000000072e800000, 0x000000072f000000|  0%| F|  |TAMS 0x000000072e800000| PB 0x000000072e800000| Untracked 
| 702|0x000000072f000000, 0x000000072f000000, 0x000000072f800000|  0%| F|  |TAMS 0x000000072f000000| PB 0x000000072f000000| Untracked 
| 703|0x000000072f800000, 0x000000072f800000, 0x0000000730000000|  0%| F|  |TAMS 0x000000072f800000| PB 0x000000072f800000| Untracked 
| 704|0x0000000730000000, 0x0000000730000000, 0x0000000730800000|  0%| F|  |TAMS 0x0000000730000000| PB 0x0000000730000000| Untracked 
| 705|0x0000000730800000, 0x0000000730800000, 0x0000000731000000|  0%| F|  |TAMS 0x0000000730800000| PB 0x0000000730800000| Untracked 
| 706|0x0000000731000000, 0x0000000731000000, 0x0000000731800000|  0%| F|  |TAMS 0x0000000731000000| PB 0x0000000731000000| Untracked 
| 707|0x0000000731800000, 0x0000000731800000, 0x0000000732000000|  0%| F|  |TAMS 0x0000000731800000| PB 0x0000000731800000| Untracked 
| 708|0x0000000732000000, 0x0000000732000000, 0x0000000732800000|  0%| F|  |TAMS 0x0000000732000000| PB 0x0000000732000000| Untracked 
| 709|0x0000000732800000, 0x0000000732800000, 0x0000000733000000|  0%| F|  |TAMS 0x0000000732800000| PB 0x0000000732800000| Untracked 
| 710|0x0000000733000000, 0x0000000733000000, 0x0000000733800000|  0%| F|  |TAMS 0x0000000733000000| PB 0x0000000733000000| Untracked 
| 711|0x0000000733800000, 0x0000000733800000, 0x0000000734000000|  0%| F|  |TAMS 0x0000000733800000| PB 0x0000000733800000| Untracked 
| 712|0x0000000734000000, 0x0000000734000000, 0x0000000734800000|  0%| F|  |TAMS 0x0000000734000000| PB 0x0000000734000000| Untracked 
| 713|0x0000000734800000, 0x0000000734800000, 0x0000000735000000|  0%| F|  |TAMS 0x0000000734800000| PB 0x0000000734800000| Untracked 
| 714|0x0000000735000000, 0x0000000735000000, 0x0000000735800000|  0%| F|  |TAMS 0x0000000735000000| PB 0x0000000735000000| Untracked 
| 715|0x0000000735800000, 0x0000000735800000, 0x0000000736000000|  0%| F|  |TAMS 0x0000000735800000| PB 0x0000000735800000| Untracked 
| 716|0x0000000736000000, 0x0000000736000000, 0x0000000736800000|  0%| F|  |TAMS 0x0000000736000000| PB 0x0000000736000000| Untracked 
| 717|0x0000000736800000, 0x0000000736800000, 0x0000000737000000|  0%| F|  |TAMS 0x0000000736800000| PB 0x0000000736800000| Untracked 
| 718|0x0000000737000000, 0x0000000737000000, 0x0000000737800000|  0%| F|  |TAMS 0x0000000737000000| PB 0x0000000737000000| Untracked 
| 719|0x0000000737800000, 0x0000000737800000, 0x0000000738000000|  0%| F|  |TAMS 0x0000000737800000| PB 0x0000000737800000| Untracked 
| 720|0x0000000738000000, 0x0000000738000000, 0x0000000738800000|  0%| F|  |TAMS 0x0000000738000000| PB 0x0000000738000000| Untracked 
| 721|0x0000000738800000, 0x0000000738800000, 0x0000000739000000|  0%| F|  |TAMS 0x0000000738800000| PB 0x0000000738800000| Untracked 
| 722|0x0000000739000000, 0x0000000739000000, 0x0000000739800000|  0%| F|  |TAMS 0x0000000739000000| PB 0x0000000739000000| Untracked 
| 723|0x0000000739800000, 0x0000000739800000, 0x000000073a000000|  0%| F|  |TAMS 0x0000000739800000| PB 0x0000000739800000| Untracked 
| 724|0x000000073a000000, 0x000000073a000000, 0x000000073a800000|  0%| F|  |TAMS 0x000000073a000000| PB 0x000000073a000000| Untracked 
| 725|0x000000073a800000, 0x000000073a800000, 0x000000073b000000|  0%| F|  |TAMS 0x000000073a800000| PB 0x000000073a800000| Untracked 
| 726|0x000000073b000000, 0x000000073b000000, 0x000000073b800000|  0%| F|  |TAMS 0x000000073b000000| PB 0x000000073b000000| Untracked 
| 727|0x000000073b800000, 0x000000073b800000, 0x000000073c000000|  0%| F|  |TAMS 0x000000073b800000| PB 0x000000073b800000| Untracked 
| 728|0x000000073c000000, 0x000000073c000000, 0x000000073c800000|  0%| F|  |TAMS 0x000000073c000000| PB 0x000000073c000000| Untracked 
| 729|0x000000073c800000, 0x000000073c800000, 0x000000073d000000|  0%| F|  |TAMS 0x000000073c800000| PB 0x000000073c800000| Untracked 
| 730|0x000000073d000000, 0x000000073d000000, 0x000000073d800000|  0%| F|  |TAMS 0x000000073d000000| PB 0x000000073d000000| Untracked 
| 731|0x000000073d800000, 0x000000073d800000, 0x000000073e000000|  0%| F|  |TAMS 0x000000073d800000| PB 0x000000073d800000| Untracked 
| 732|0x000000073e000000, 0x000000073e000000, 0x000000073e800000|  0%| F|  |TAMS 0x000000073e000000| PB 0x000000073e000000| Untracked 
| 733|0x000000073e800000, 0x000000073e800000, 0x000000073f000000|  0%| F|  |TAMS 0x000000073e800000| PB 0x000000073e800000| Untracked 
| 734|0x000000073f000000, 0x000000073f000000, 0x000000073f800000|  0%| F|  |TAMS 0x000000073f000000| PB 0x000000073f000000| Untracked 
| 735|0x000000073f800000, 0x000000073f800000, 0x0000000740000000|  0%| F|  |TAMS 0x000000073f800000| PB 0x000000073f800000| Untracked 
| 736|0x0000000740000000, 0x0000000740000000, 0x0000000740800000|  0%| F|  |TAMS 0x0000000740000000| PB 0x0000000740000000| Untracked 
| 737|0x0000000740800000, 0x0000000740800000, 0x0000000741000000|  0%| F|  |TAMS 0x0000000740800000| PB 0x0000000740800000| Untracked 
| 738|0x0000000741000000, 0x0000000741000000, 0x0000000741800000|  0%| F|  |TAMS 0x0000000741000000| PB 0x0000000741000000| Untracked 
| 739|0x0000000741800000, 0x0000000741800000, 0x0000000742000000|  0%| F|  |TAMS 0x0000000741800000| PB 0x0000000741800000| Untracked 
| 740|0x0000000742000000, 0x0000000742000000, 0x0000000742800000|  0%| F|  |TAMS 0x0000000742000000| PB 0x0000000742000000| Untracked 
| 741|0x0000000742800000, 0x0000000742800000, 0x0000000743000000|  0%| F|  |TAMS 0x0000000742800000| PB 0x0000000742800000| Untracked 
| 742|0x0000000743000000, 0x0000000743000000, 0x0000000743800000|  0%| F|  |TAMS 0x0000000743000000| PB 0x0000000743000000| Untracked 
| 743|0x0000000743800000, 0x0000000743800000, 0x0000000744000000|  0%| F|  |TAMS 0x0000000743800000| PB 0x0000000743800000| Untracked 
| 744|0x0000000744000000, 0x0000000744000000, 0x0000000744800000|  0%| F|  |TAMS 0x0000000744000000| PB 0x0000000744000000| Untracked 
| 745|0x0000000744800000, 0x0000000744800000, 0x0000000745000000|  0%| F|  |TAMS 0x0000000744800000| PB 0x0000000744800000| Untracked 
| 746|0x0000000745000000, 0x0000000745000000, 0x0000000745800000|  0%| F|  |TAMS 0x0000000745000000| PB 0x0000000745000000| Untracked 
| 747|0x0000000745800000, 0x0000000745800000, 0x0000000746000000|  0%| F|  |TAMS 0x0000000745800000| PB 0x0000000745800000| Untracked 
| 748|0x0000000746000000, 0x0000000746000000, 0x0000000746800000|  0%| F|  |TAMS 0x0000000746000000| PB 0x0000000746000000| Untracked 
| 749|0x0000000746800000, 0x0000000746800000, 0x0000000747000000|  0%| F|  |TAMS 0x0000000746800000| PB 0x0000000746800000| Untracked 
| 750|0x0000000747000000, 0x0000000747000000, 0x0000000747800000|  0%| F|  |TAMS 0x0000000747000000| PB 0x0000000747000000| Untracked 
| 751|0x0000000747800000, 0x0000000747800000, 0x0000000748000000|  0%| F|  |TAMS 0x0000000747800000| PB 0x0000000747800000| Untracked 
| 752|0x0000000748000000, 0x0000000748000000, 0x0000000748800000|  0%| F|  |TAMS 0x0000000748000000| PB 0x0000000748000000| Untracked 
| 753|0x0000000748800000, 0x0000000748800000, 0x0000000749000000|  0%| F|  |TAMS 0x0000000748800000| PB 0x0000000748800000| Untracked 
| 754|0x0000000749000000, 0x0000000749000000, 0x0000000749800000|  0%| F|  |TAMS 0x0000000749000000| PB 0x0000000749000000| Untracked 
| 755|0x0000000749800000, 0x0000000749800000, 0x000000074a000000|  0%| F|  |TAMS 0x0000000749800000| PB 0x0000000749800000| Untracked 
| 756|0x000000074a000000, 0x000000074a000000, 0x000000074a800000|  0%| F|  |TAMS 0x000000074a000000| PB 0x000000074a000000| Untracked 
| 757|0x000000074a800000, 0x000000074a800000, 0x000000074b000000|  0%| F|  |TAMS 0x000000074a800000| PB 0x000000074a800000| Untracked 
| 758|0x000000074b000000, 0x000000074b000000, 0x000000074b800000|  0%| F|  |TAMS 0x000000074b000000| PB 0x000000074b000000| Untracked 
| 759|0x000000074b800000, 0x000000074b800000, 0x000000074c000000|  0%| F|  |TAMS 0x000000074b800000| PB 0x000000074b800000| Untracked 
| 760|0x000000074c000000, 0x000000074c000000, 0x000000074c800000|  0%| F|  |TAMS 0x000000074c000000| PB 0x000000074c000000| Untracked 
| 761|0x000000074c800000, 0x000000074c800000, 0x000000074d000000|  0%| F|  |TAMS 0x000000074c800000| PB 0x000000074c800000| Untracked 
| 762|0x000000074d000000, 0x000000074d000000, 0x000000074d800000|  0%| F|  |TAMS 0x000000074d000000| PB 0x000000074d000000| Untracked 
| 763|0x000000074d800000, 0x000000074d800000, 0x000000074e000000|  0%| F|  |TAMS 0x000000074d800000| PB 0x000000074d800000| Untracked 
| 764|0x000000074e000000, 0x000000074e000000, 0x000000074e800000|  0%| F|  |TAMS 0x000000074e000000| PB 0x000000074e000000| Untracked 
| 765|0x000000074e800000, 0x000000074e800000, 0x000000074f000000|  0%| F|  |TAMS 0x000000074e800000| PB 0x000000074e800000| Untracked 
| 766|0x000000074f000000, 0x000000074f000000, 0x000000074f800000|  0%| F|  |TAMS 0x000000074f000000| PB 0x000000074f000000| Untracked 
| 767|0x000000074f800000, 0x000000074f800000, 0x0000000750000000|  0%| F|  |TAMS 0x000000074f800000| PB 0x000000074f800000| Untracked 
| 768|0x0000000750000000, 0x0000000750000000, 0x0000000750800000|  0%| F|  |TAMS 0x0000000750000000| PB 0x0000000750000000| Untracked 
| 769|0x0000000750800000, 0x0000000750abc650, 0x0000000751000000| 34%| E|  |TAMS 0x0000000750800000| PB 0x0000000750800000| Complete 
| 770|0x0000000751000000, 0x0000000751800000, 0x0000000751800000|100%| E|CS|TAMS 0x0000000751000000| PB 0x0000000751000000| Complete 
| 771|0x0000000751800000, 0x0000000752000000, 0x0000000752000000|100%| E|CS|TAMS 0x0000000751800000| PB 0x0000000751800000| Complete 
| 772|0x0000000752000000, 0x0000000752800000, 0x0000000752800000|100%| E|CS|TAMS 0x0000000752000000| PB 0x0000000752000000| Complete 
| 773|0x0000000752800000, 0x0000000753000000, 0x0000000753000000|100%| E|CS|TAMS 0x0000000752800000| PB 0x0000000752800000| Complete 
| 774|0x0000000753000000, 0x0000000753800000, 0x0000000753800000|100%| E|CS|TAMS 0x0000000753000000| PB 0x0000000753000000| Complete 
| 775|0x0000000753800000, 0x0000000754000000, 0x0000000754000000|100%| E|CS|TAMS 0x0000000753800000| PB 0x0000000753800000| Complete 
| 776|0x0000000754000000, 0x0000000754800000, 0x0000000754800000|100%| E|CS|TAMS 0x0000000754000000| PB 0x0000000754000000| Complete 
| 777|0x0000000754800000, 0x0000000755000000, 0x0000000755000000|100%| E|CS|TAMS 0x0000000754800000| PB 0x0000000754800000| Complete 
| 778|0x0000000755000000, 0x0000000755800000, 0x0000000755800000|100%| E|CS|TAMS 0x0000000755000000| PB 0x0000000755000000| Complete 
| 779|0x0000000755800000, 0x0000000756000000, 0x0000000756000000|100%| E|CS|TAMS 0x0000000755800000| PB 0x0000000755800000| Complete 
| 780|0x0000000756000000, 0x0000000756800000, 0x0000000756800000|100%| E|CS|TAMS 0x0000000756000000| PB 0x0000000756000000| Complete 
| 781|0x0000000756800000, 0x0000000757000000, 0x0000000757000000|100%| E|CS|TAMS 0x0000000756800000| PB 0x0000000756800000| Complete 
| 782|0x0000000757000000, 0x0000000757800000, 0x0000000757800000|100%| E|CS|TAMS 0x0000000757000000| PB 0x0000000757000000| Complete 
| 783|0x0000000757800000, 0x0000000758000000, 0x0000000758000000|100%| E|CS|TAMS 0x0000000757800000| PB 0x0000000757800000| Complete 
| 784|0x0000000758000000, 0x0000000758800000, 0x0000000758800000|100%| E|CS|TAMS 0x0000000758000000| PB 0x0000000758000000| Complete 
| 785|0x0000000758800000, 0x0000000759000000, 0x0000000759000000|100%| E|CS|TAMS 0x0000000758800000| PB 0x0000000758800000| Complete 
| 786|0x0000000759000000, 0x0000000759800000, 0x0000000759800000|100%| E|CS|TAMS 0x0000000759000000| PB 0x0000000759000000| Complete 
| 787|0x0000000759800000, 0x000000075a000000, 0x000000075a000000|100%| E|CS|TAMS 0x0000000759800000| PB 0x0000000759800000| Complete 
| 788|0x000000075a000000, 0x000000075a800000, 0x000000075a800000|100%| E|CS|TAMS 0x000000075a000000| PB 0x000000075a000000| Complete 
| 789|0x000000075a800000, 0x000000075b000000, 0x000000075b000000|100%| E|CS|TAMS 0x000000075a800000| PB 0x000000075a800000| Complete 
| 790|0x000000075b000000, 0x000000075b800000, 0x000000075b800000|100%| E|CS|TAMS 0x000000075b000000| PB 0x000000075b000000| Complete 
| 791|0x000000075b800000, 0x000000075c000000, 0x000000075c000000|100%| E|CS|TAMS 0x000000075b800000| PB 0x000000075b800000| Complete 
| 792|0x000000075c000000, 0x000000075c800000, 0x000000075c800000|100%| E|CS|TAMS 0x000000075c000000| PB 0x000000075c000000| Complete 
| 793|0x000000075c800000, 0x000000075d000000, 0x000000075d000000|100%| E|CS|TAMS 0x000000075c800000| PB 0x000000075c800000| Complete 
| 794|0x000000075d000000, 0x000000075d800000, 0x000000075d800000|100%| E|CS|TAMS 0x000000075d000000| PB 0x000000075d000000| Complete 
| 795|0x000000075d800000, 0x000000075e000000, 0x000000075e000000|100%| E|CS|TAMS 0x000000075d800000| PB 0x000000075d800000| Complete 
| 796|0x000000075e000000, 0x000000075e800000, 0x000000075e800000|100%| E|CS|TAMS 0x000000075e000000| PB 0x000000075e000000| Complete 
| 797|0x000000075e800000, 0x000000075f000000, 0x000000075f000000|100%| E|CS|TAMS 0x000000075e800000| PB 0x000000075e800000| Complete 
| 798|0x000000075f000000, 0x000000075f800000, 0x000000075f800000|100%| E|CS|TAMS 0x000000075f000000| PB 0x000000075f000000| Complete 
| 799|0x000000075f800000, 0x0000000760000000, 0x0000000760000000|100%| E|CS|TAMS 0x000000075f800000| PB 0x000000075f800000| Complete 
| 800|0x0000000760000000, 0x0000000760800000, 0x0000000760800000|100%| E|CS|TAMS 0x0000000760000000| PB 0x0000000760000000| Complete 
| 801|0x0000000760800000, 0x0000000761000000, 0x0000000761000000|100%| E|CS|TAMS 0x0000000760800000| PB 0x0000000760800000| Complete 
| 802|0x0000000761000000, 0x0000000761800000, 0x0000000761800000|100%| E|CS|TAMS 0x0000000761000000| PB 0x0000000761000000| Complete 
| 803|0x0000000761800000, 0x0000000762000000, 0x0000000762000000|100%| E|CS|TAMS 0x0000000761800000| PB 0x0000000761800000| Complete 
| 804|0x0000000762000000, 0x0000000762800000, 0x0000000762800000|100%| E|CS|TAMS 0x0000000762000000| PB 0x0000000762000000| Complete 
| 805|0x0000000762800000, 0x0000000763000000, 0x0000000763000000|100%| E|CS|TAMS 0x0000000762800000| PB 0x0000000762800000| Complete 
| 806|0x0000000763000000, 0x0000000763800000, 0x0000000763800000|100%| E|CS|TAMS 0x0000000763000000| PB 0x0000000763000000| Complete 
| 807|0x0000000763800000, 0x0000000764000000, 0x0000000764000000|100%| E|CS|TAMS 0x0000000763800000| PB 0x0000000763800000| Complete 
| 808|0x0000000764000000, 0x0000000764800000, 0x0000000764800000|100%| E|CS|TAMS 0x0000000764000000| PB 0x0000000764000000| Complete 
| 809|0x0000000764800000, 0x0000000765000000, 0x0000000765000000|100%| E|CS|TAMS 0x0000000764800000| PB 0x0000000764800000| Complete 
| 810|0x0000000765000000, 0x0000000765800000, 0x0000000765800000|100%| E|CS|TAMS 0x0000000765000000| PB 0x0000000765000000| Complete 
| 811|0x0000000765800000, 0x0000000766000000, 0x0000000766000000|100%| E|CS|TAMS 0x0000000765800000| PB 0x0000000765800000| Complete 
| 812|0x0000000766000000, 0x0000000766800000, 0x0000000766800000|100%| E|CS|TAMS 0x0000000766000000| PB 0x0000000766000000| Complete 
| 813|0x0000000766800000, 0x0000000767000000, 0x0000000767000000|100%| E|CS|TAMS 0x0000000766800000| PB 0x0000000766800000| Complete 
| 814|0x0000000767000000, 0x0000000767800000, 0x0000000767800000|100%| E|CS|TAMS 0x0000000767000000| PB 0x0000000767000000| Complete 
| 815|0x0000000767800000, 0x0000000768000000, 0x0000000768000000|100%| E|CS|TAMS 0x0000000767800000| PB 0x0000000767800000| Complete 
| 816|0x0000000768000000, 0x0000000768800000, 0x0000000768800000|100%| E|CS|TAMS 0x0000000768000000| PB 0x0000000768000000| Complete 
| 817|0x0000000768800000, 0x0000000769000000, 0x0000000769000000|100%| E|CS|TAMS 0x0000000768800000| PB 0x0000000768800000| Complete 
| 818|0x0000000769000000, 0x0000000769800000, 0x0000000769800000|100%| E|CS|TAMS 0x0000000769000000| PB 0x0000000769000000| Complete 
| 819|0x0000000769800000, 0x000000076a000000, 0x000000076a000000|100%| E|CS|TAMS 0x0000000769800000| PB 0x0000000769800000| Complete 
| 820|0x000000076a000000, 0x000000076a800000, 0x000000076a800000|100%| E|CS|TAMS 0x000000076a000000| PB 0x000000076a000000| Complete 
| 821|0x000000076a800000, 0x000000076b000000, 0x000000076b000000|100%| E|CS|TAMS 0x000000076a800000| PB 0x000000076a800000| Complete 
| 822|0x000000076b000000, 0x000000076b800000, 0x000000076b800000|100%| E|CS|TAMS 0x000000076b000000| PB 0x000000076b000000| Complete 
| 823|0x000000076b800000, 0x000000076c000000, 0x000000076c000000|100%| E|CS|TAMS 0x000000076b800000| PB 0x000000076b800000| Complete 
| 824|0x000000076c000000, 0x000000076c800000, 0x000000076c800000|100%| E|CS|TAMS 0x000000076c000000| PB 0x000000076c000000| Complete 
| 825|0x000000076c800000, 0x000000076d000000, 0x000000076d000000|100%| E|CS|TAMS 0x000000076c800000| PB 0x000000076c800000| Complete 
| 826|0x000000076d000000, 0x000000076d800000, 0x000000076d800000|100%| E|CS|TAMS 0x000000076d000000| PB 0x000000076d000000| Complete 
| 827|0x000000076d800000, 0x000000076e000000, 0x000000076e000000|100%| E|CS|TAMS 0x000000076d800000| PB 0x000000076d800000| Complete 
| 828|0x000000076e000000, 0x000000076e800000, 0x000000076e800000|100%| E|CS|TAMS 0x000000076e000000| PB 0x000000076e000000| Complete 
| 829|0x000000076e800000, 0x000000076f000000, 0x000000076f000000|100%| E|CS|TAMS 0x000000076e800000| PB 0x000000076e800000| Complete 
| 830|0x000000076f000000, 0x000000076f800000, 0x000000076f800000|100%| E|CS|TAMS 0x000000076f000000| PB 0x000000076f000000| Complete 
| 831|0x000000076f800000, 0x0000000770000000, 0x0000000770000000|100%| E|CS|TAMS 0x000000076f800000| PB 0x000000076f800000| Complete 
| 832|0x0000000770000000, 0x0000000770800000, 0x0000000770800000|100%| E|CS|TAMS 0x0000000770000000| PB 0x0000000770000000| Complete 
| 833|0x0000000770800000, 0x0000000771000000, 0x0000000771000000|100%| E|CS|TAMS 0x0000000770800000| PB 0x0000000770800000| Complete 
| 834|0x0000000771000000, 0x0000000771800000, 0x0000000771800000|100%| E|CS|TAMS 0x0000000771000000| PB 0x0000000771000000| Complete 
| 835|0x0000000771800000, 0x0000000772000000, 0x0000000772000000|100%| E|CS|TAMS 0x0000000771800000| PB 0x0000000771800000| Complete 
| 836|0x0000000772000000, 0x0000000772800000, 0x0000000772800000|100%| E|CS|TAMS 0x0000000772000000| PB 0x0000000772000000| Complete 
| 837|0x0000000772800000, 0x0000000773000000, 0x0000000773000000|100%| E|CS|TAMS 0x0000000772800000| PB 0x0000000772800000| Complete 
| 838|0x0000000773000000, 0x0000000773800000, 0x0000000773800000|100%| E|CS|TAMS 0x0000000773000000| PB 0x0000000773000000| Complete 
| 839|0x0000000773800000, 0x0000000774000000, 0x0000000774000000|100%| E|CS|TAMS 0x0000000773800000| PB 0x0000000773800000| Complete 
| 840|0x0000000774000000, 0x0000000774800000, 0x0000000774800000|100%| E|CS|TAMS 0x0000000774000000| PB 0x0000000774000000| Complete 
| 841|0x0000000774800000, 0x0000000775000000, 0x0000000775000000|100%| E|CS|TAMS 0x0000000774800000| PB 0x0000000774800000| Complete 
| 842|0x0000000775000000, 0x0000000775800000, 0x0000000775800000|100%| E|CS|TAMS 0x0000000775000000| PB 0x0000000775000000| Complete 
| 843|0x0000000775800000, 0x0000000776000000, 0x0000000776000000|100%| E|CS|TAMS 0x0000000775800000| PB 0x0000000775800000| Complete 
| 844|0x0000000776000000, 0x0000000776800000, 0x0000000776800000|100%| E|CS|TAMS 0x0000000776000000| PB 0x0000000776000000| Complete 
| 845|0x0000000776800000, 0x0000000777000000, 0x0000000777000000|100%| E|  |TAMS 0x0000000776800000| PB 0x0000000776800000| Complete 
| 846|0x0000000777000000, 0x0000000777800000, 0x0000000777800000|100%| E|CS|TAMS 0x0000000777000000| PB 0x0000000777000000| Complete 
| 847|0x0000000777800000, 0x0000000778000000, 0x0000000778000000|100%| E|CS|TAMS 0x0000000777800000| PB 0x0000000777800000| Complete 
| 848|0x0000000778000000, 0x0000000778800000, 0x0000000778800000|100%| E|CS|TAMS 0x0000000778000000| PB 0x0000000778000000| Complete 
| 849|0x0000000778800000, 0x0000000779000000, 0x0000000779000000|100%| E|CS|TAMS 0x0000000778800000| PB 0x0000000778800000| Complete 
| 850|0x0000000779000000, 0x0000000779800000, 0x0000000779800000|100%| E|CS|TAMS 0x0000000779000000| PB 0x0000000779000000| Complete 
| 851|0x0000000779800000, 0x000000077a000000, 0x000000077a000000|100%| E|CS|TAMS 0x0000000779800000| PB 0x0000000779800000| Complete 
| 852|0x000000077a000000, 0x000000077a800000, 0x000000077a800000|100%| E|CS|TAMS 0x000000077a000000| PB 0x000000077a000000| Complete 
| 853|0x000000077a800000, 0x000000077b000000, 0x000000077b000000|100%| E|CS|TAMS 0x000000077a800000| PB 0x000000077a800000| Complete 
| 854|0x000000077b000000, 0x000000077b800000, 0x000000077b800000|100%| E|CS|TAMS 0x000000077b000000| PB 0x000000077b000000| Complete 
| 855|0x000000077b800000, 0x000000077c000000, 0x000000077c000000|100%| E|CS|TAMS 0x000000077b800000| PB 0x000000077b800000| Complete 
| 856|0x000000077c000000, 0x000000077c800000, 0x000000077c800000|100%| E|CS|TAMS 0x000000077c000000| PB 0x000000077c000000| Complete 
| 857|0x000000077c800000, 0x000000077d000000, 0x000000077d000000|100%| E|CS|TAMS 0x000000077c800000| PB 0x000000077c800000| Complete 
| 858|0x000000077d000000, 0x000000077d800000, 0x000000077d800000|100%| E|CS|TAMS 0x000000077d000000| PB 0x000000077d000000| Complete 
| 859|0x000000077d800000, 0x000000077e000000, 0x000000077e000000|100%| E|CS|TAMS 0x000000077d800000| PB 0x000000077d800000| Complete 
| 860|0x000000077e000000, 0x000000077e800000, 0x000000077e800000|100%| E|CS|TAMS 0x000000077e000000| PB 0x000000077e000000| Complete 
| 861|0x000000077e800000, 0x000000077f000000, 0x000000077f000000|100%| E|CS|TAMS 0x000000077e800000| PB 0x000000077e800000| Complete 
| 862|0x000000077f000000, 0x000000077f800000, 0x000000077f800000|100%| E|CS|TAMS 0x000000077f000000| PB 0x000000077f000000| Complete 
| 863|0x000000077f800000, 0x0000000780000000, 0x0000000780000000|100%| E|CS|TAMS 0x000000077f800000| PB 0x000000077f800000| Complete 
| 864|0x0000000780000000, 0x0000000780800000, 0x0000000780800000|100%| E|CS|TAMS 0x0000000780000000| PB 0x0000000780000000| Complete 
| 865|0x0000000780800000, 0x0000000781000000, 0x0000000781000000|100%| E|CS|TAMS 0x0000000780800000| PB 0x0000000780800000| Complete 
| 866|0x0000000781000000, 0x0000000781800000, 0x0000000781800000|100%| E|CS|TAMS 0x0000000781000000| PB 0x0000000781000000| Complete 
| 867|0x0000000781800000, 0x0000000782000000, 0x0000000782000000|100%| E|CS|TAMS 0x0000000781800000| PB 0x0000000781800000| Complete 
| 868|0x0000000782000000, 0x0000000782800000, 0x0000000782800000|100%| E|CS|TAMS 0x0000000782000000| PB 0x0000000782000000| Complete 
| 869|0x0000000782800000, 0x0000000783000000, 0x0000000783000000|100%| E|CS|TAMS 0x0000000782800000| PB 0x0000000782800000| Complete 
| 870|0x0000000783000000, 0x0000000783800000, 0x0000000783800000|100%| E|CS|TAMS 0x0000000783000000| PB 0x0000000783000000| Complete 
| 871|0x0000000783800000, 0x0000000784000000, 0x0000000784000000|100%| E|CS|TAMS 0x0000000783800000| PB 0x0000000783800000| Complete 
| 872|0x0000000784000000, 0x0000000784800000, 0x0000000784800000|100%| E|CS|TAMS 0x0000000784000000| PB 0x0000000784000000| Complete 
| 873|0x0000000784800000, 0x0000000785000000, 0x0000000785000000|100%| E|CS|TAMS 0x0000000784800000| PB 0x0000000784800000| Complete 
| 874|0x0000000785000000, 0x0000000785800000, 0x0000000785800000|100%| E|CS|TAMS 0x0000000785000000| PB 0x0000000785000000| Complete 
| 875|0x0000000785800000, 0x0000000786000000, 0x0000000786000000|100%| E|CS|TAMS 0x0000000785800000| PB 0x0000000785800000| Complete 
| 876|0x0000000786000000, 0x0000000786800000, 0x0000000786800000|100%| E|CS|TAMS 0x0000000786000000| PB 0x0000000786000000| Complete 
| 877|0x0000000786800000, 0x0000000787000000, 0x0000000787000000|100%| E|CS|TAMS 0x0000000786800000| PB 0x0000000786800000| Complete 
| 878|0x0000000787000000, 0x0000000787800000, 0x0000000787800000|100%| E|CS|TAMS 0x0000000787000000| PB 0x0000000787000000| Complete 
| 879|0x0000000787800000, 0x0000000788000000, 0x0000000788000000|100%| E|CS|TAMS 0x0000000787800000| PB 0x0000000787800000| Complete 
| 880|0x0000000788000000, 0x0000000788800000, 0x0000000788800000|100%| E|CS|TAMS 0x0000000788000000| PB 0x0000000788000000| Complete 
| 881|0x0000000788800000, 0x0000000789000000, 0x0000000789000000|100%| E|CS|TAMS 0x0000000788800000| PB 0x0000000788800000| Complete 
| 882|0x0000000789000000, 0x0000000789800000, 0x0000000789800000|100%| E|CS|TAMS 0x0000000789000000| PB 0x0000000789000000| Complete 
| 883|0x0000000789800000, 0x000000078a000000, 0x000000078a000000|100%| E|CS|TAMS 0x0000000789800000| PB 0x0000000789800000| Complete 
| 884|0x000000078a000000, 0x000000078a800000, 0x000000078a800000|100%| E|CS|TAMS 0x000000078a000000| PB 0x000000078a000000| Complete 
| 885|0x000000078a800000, 0x000000078b000000, 0x000000078b000000|100%| E|CS|TAMS 0x000000078a800000| PB 0x000000078a800000| Complete 
| 886|0x000000078b000000, 0x000000078b800000, 0x000000078b800000|100%| E|CS|TAMS 0x000000078b000000| PB 0x000000078b000000| Complete 
| 887|0x000000078b800000, 0x000000078c000000, 0x000000078c000000|100%| E|CS|TAMS 0x000000078b800000| PB 0x000000078b800000| Complete 
| 888|0x000000078c000000, 0x000000078c800000, 0x000000078c800000|100%| E|CS|TAMS 0x000000078c000000| PB 0x000000078c000000| Complete 
| 889|0x000000078c800000, 0x000000078d000000, 0x000000078d000000|100%| E|CS|TAMS 0x000000078c800000| PB 0x000000078c800000| Complete 
| 890|0x000000078d000000, 0x000000078d800000, 0x000000078d800000|100%| E|CS|TAMS 0x000000078d000000| PB 0x000000078d000000| Complete 
| 891|0x000000078d800000, 0x000000078e000000, 0x000000078e000000|100%| E|CS|TAMS 0x000000078d800000| PB 0x000000078d800000| Complete 
| 892|0x000000078e000000, 0x000000078e800000, 0x000000078e800000|100%| E|CS|TAMS 0x000000078e000000| PB 0x000000078e000000| Complete 
| 893|0x000000078e800000, 0x000000078f000000, 0x000000078f000000|100%| E|CS|TAMS 0x000000078e800000| PB 0x000000078e800000| Complete 
| 894|0x000000078f000000, 0x000000078f800000, 0x000000078f800000|100%| E|CS|TAMS 0x000000078f000000| PB 0x000000078f000000| Complete 
| 895|0x000000078f800000, 0x0000000790000000, 0x0000000790000000|100%| E|CS|TAMS 0x000000078f800000| PB 0x000000078f800000| Complete 
| 896|0x0000000790000000, 0x0000000790800000, 0x0000000790800000|100%| E|CS|TAMS 0x0000000790000000| PB 0x0000000790000000| Complete 
| 897|0x0000000790800000, 0x0000000791000000, 0x0000000791000000|100%| E|CS|TAMS 0x0000000790800000| PB 0x0000000790800000| Complete 
| 898|0x0000000791000000, 0x0000000791800000, 0x0000000791800000|100%| E|CS|TAMS 0x0000000791000000| PB 0x0000000791000000| Complete 
| 899|0x0000000791800000, 0x0000000792000000, 0x0000000792000000|100%| E|CS|TAMS 0x0000000791800000| PB 0x0000000791800000| Complete 
| 900|0x0000000792000000, 0x0000000792800000, 0x0000000792800000|100%| E|CS|TAMS 0x0000000792000000| PB 0x0000000792000000| Complete 
| 901|0x0000000792800000, 0x0000000793000000, 0x0000000793000000|100%| E|CS|TAMS 0x0000000792800000| PB 0x0000000792800000| Complete 
| 902|0x0000000793000000, 0x0000000793800000, 0x0000000793800000|100%| E|CS|TAMS 0x0000000793000000| PB 0x0000000793000000| Complete 
| 903|0x0000000793800000, 0x0000000794000000, 0x0000000794000000|100%| E|CS|TAMS 0x0000000793800000| PB 0x0000000793800000| Complete 
|1078|0x00000007eb000000, 0x00000007eb800000, 0x00000007eb800000|100%| E|CS|TAMS 0x00000007eb000000| PB 0x00000007eb000000| Complete 
|1079|0x00000007eb800000, 0x00000007ec000000, 0x00000007ec000000|100%| E|CS|TAMS 0x00000007eb800000| PB 0x00000007eb800000| Complete 
|1080|0x00000007ec000000, 0x00000007ec800000, 0x00000007ec800000|100%| O|  |TAMS 0x00000007ec800000| PB 0x00000007ec000000| Untracked 
|1081|0x00000007ec800000, 0x00000007ed000000, 0x00000007ed000000|100%| E|CS|TAMS 0x00000007ec800000| PB 0x00000007ec800000| Complete 
|1082|0x00000007ed000000, 0x00000007ed800000, 0x00000007ed800000|100%| E|CS|TAMS 0x00000007ed000000| PB 0x00000007ed000000| Complete 
|1083|0x00000007ed800000, 0x00000007ee000000, 0x00000007ee000000|100%| E|CS|TAMS 0x00000007ed800000| PB 0x00000007ed800000| Complete 
|1084|0x00000007ee000000, 0x00000007ee800000, 0x00000007ee800000|100%| E|CS|TAMS 0x00000007ee000000| PB 0x00000007ee000000| Complete 
|1085|0x00000007ee800000, 0x00000007ef000000, 0x00000007ef000000|100%| E|CS|TAMS 0x00000007ee800000| PB 0x00000007ee800000| Complete 
|1086|0x00000007ef000000, 0x00000007ef800000, 0x00000007ef800000|100%| E|CS|TAMS 0x00000007ef000000| PB 0x00000007ef000000| Complete 
|1087|0x00000007ef800000, 0x00000007f0000000, 0x00000007f0000000|100%| E|CS|TAMS 0x00000007ef800000| PB 0x00000007ef800000| Complete 
|1088|0x00000007f0000000, 0x00000007f0800000, 0x00000007f0800000|100%| E|CS|TAMS 0x00000007f0000000| PB 0x00000007f0000000| Complete 
|1089|0x00000007f0800000, 0x00000007f1000000, 0x00000007f1000000|100%| E|CS|TAMS 0x00000007f0800000| PB 0x00000007f0800000| Complete 
|1090|0x00000007f1000000, 0x00000007f1800000, 0x00000007f1800000|100%| E|CS|TAMS 0x00000007f1000000| PB 0x00000007f1000000| Complete 
|1091|0x00000007f1800000, 0x00000007f2000000, 0x00000007f2000000|100%| E|CS|TAMS 0x00000007f1800000| PB 0x00000007f1800000| Complete 
|1092|0x00000007f2000000, 0x00000007f2800000, 0x00000007f2800000|100%| E|CS|TAMS 0x00000007f2000000| PB 0x00000007f2000000| Complete 
|1093|0x00000007f2800000, 0x00000007f3000000, 0x00000007f3000000|100%| E|CS|TAMS 0x00000007f2800000| PB 0x00000007f2800000| Complete 
|1094|0x00000007f3000000, 0x00000007f3800000, 0x00000007f3800000|100%| E|CS|TAMS 0x00000007f3000000| PB 0x00000007f3000000| Complete 
|1095|0x00000007f3800000, 0x00000007f4000000, 0x00000007f4000000|100%| E|CS|TAMS 0x00000007f3800000| PB 0x00000007f3800000| Complete 
|1096|0x00000007f4000000, 0x00000007f4800000, 0x00000007f4800000|100%| E|CS|TAMS 0x00000007f4000000| PB 0x00000007f4000000| Complete 
|1097|0x00000007f4800000, 0x00000007f5000000, 0x00000007f5000000|100%| E|CS|TAMS 0x00000007f4800000| PB 0x00000007f4800000| Complete 
|1098|0x00000007f5000000, 0x00000007f5800000, 0x00000007f5800000|100%| E|CS|TAMS 0x00000007f5000000| PB 0x00000007f5000000| Complete 
|1099|0x00000007f5800000, 0x00000007f6000000, 0x00000007f6000000|100%| E|CS|TAMS 0x00000007f5800000| PB 0x00000007f5800000| Complete 
|1100|0x00000007f6000000, 0x00000007f6800000, 0x00000007f6800000|100%| E|CS|TAMS 0x00000007f6000000| PB 0x00000007f6000000| Complete 
|1101|0x00000007f6800000, 0x00000007f7000000, 0x00000007f7000000|100%| E|CS|TAMS 0x00000007f6800000| PB 0x00000007f6800000| Complete 
|1102|0x00000007f7000000, 0x00000007f7800000, 0x00000007f7800000|100%| E|CS|TAMS 0x00000007f7000000| PB 0x00000007f7000000| Complete 
|1103|0x00000007f7800000, 0x00000007f8000000, 0x00000007f8000000|100%| E|CS|TAMS 0x00000007f7800000| PB 0x00000007f7800000| Complete 
|1104|0x00000007f8000000, 0x00000007f8800000, 0x00000007f8800000|100%| E|CS|TAMS 0x00000007f8000000| PB 0x00000007f8000000| Complete 
|1105|0x00000007f8800000, 0x00000007f9000000, 0x00000007f9000000|100%| E|CS|TAMS 0x00000007f8800000| PB 0x00000007f8800000| Complete 
|1106|0x00000007f9000000, 0x00000007f9800000, 0x00000007f9800000|100%| E|CS|TAMS 0x00000007f9000000| PB 0x00000007f9000000| Complete 
|1107|0x00000007f9800000, 0x00000007fa000000, 0x00000007fa000000|100%| E|CS|TAMS 0x00000007f9800000| PB 0x00000007f9800000| Complete 
|1108|0x00000007fa000000, 0x00000007fa800000, 0x00000007fa800000|100%| E|CS|TAMS 0x00000007fa000000| PB 0x00000007fa000000| Complete 
|1109|0x00000007fa800000, 0x00000007fb000000, 0x00000007fb000000|100%| E|CS|TAMS 0x00000007fa800000| PB 0x00000007fa800000| Complete 
|1110|0x00000007fb000000, 0x00000007fb800000, 0x00000007fb800000|100%| O|  |TAMS 0x00000007fb800000| PB 0x00000007fb000000| Untracked 
|1111|0x00000007fb800000, 0x00000007fc000000, 0x00000007fc000000|100%| O|  |TAMS 0x00000007fc000000| PB 0x00000007fb800000| Untracked 
|1112|0x00000007fc000000, 0x00000007fc800000, 0x00000007fc800000|100%| O|  |TAMS 0x00000007fc800000| PB 0x00000007fc000000| Untracked 
|1113|0x00000007fc800000, 0x00000007fd000000, 0x00000007fd000000|100%| O|  |TAMS 0x00000007fd000000| PB 0x00000007fc800000| Untracked 
|1114|0x00000007fd000000, 0x00000007fd800000, 0x00000007fd800000|100%| O|  |TAMS 0x00000007fd800000| PB 0x00000007fd000000| Untracked 
|1115|0x00000007fd800000, 0x00000007fe000000, 0x00000007fe000000|100%| E|CS|TAMS 0x00000007fd800000| PB 0x00000007fd800000| Complete 
|1116|0x00000007fe000000, 0x00000007fe800000, 0x00000007fe800000|100%| O|  |TAMS 0x00000007fe800000| PB 0x00000007fe000000| Untracked 
|1117|0x00000007fe800000, 0x00000007ff000000, 0x00000007ff000000|100%| O|  |TAMS 0x00000007ff000000| PB 0x00000007fe800000| Untracked 
|1118|0x00000007ff000000, 0x00000007ff800000, 0x00000007ff800000|100%| O|  |TAMS 0x00000007ff800000| PB 0x00000007ff000000| Untracked 
|1119|0x00000007ff800000, 0x0000000800000000, 0x0000000800000000|100%| O|  |TAMS 0x0000000800000000| PB 0x00000007ff800000| Untracked 

Card table byte_map: [0x000002703b700000,0x000002703c880000] _byte_map_base: 0x0000027038880000

Marking Bits: (CMBitMap*) 0x0000027024dcf6a0
 Bits: [0x000002703c880000, 0x0000027045480000)

Polling page: 0x0000027022bb0000

Metaspace:

Usage:
  Non-class:    434.71 MB used.
      Class:     97.83 MB used.
       Both:    532.54 MB used.

Virtual space:
  Non-class space:      448.00 MB reserved,     438.31 MB ( 98%) committed,  7 nodes.
      Class space:        1.00 GB reserved,     100.81 MB ( 10%) committed,  1 nodes.
             Both:        1.44 GB reserved,     539.12 MB ( 37%) committed. 

Chunk freelists:
   Non-Class:  8.50 MB
       Class:  11.17 MB
        Both:  19.67 MB

MaxMetaspaceSize: unlimited
CompressedClassSpaceSize: 1.00 GB
Initial GC threshold: 21.00 MB
Current GC threshold: 898.38 MB
CDS: on
 - commit_granule_bytes: 65536.
 - commit_granule_words: 8192.
 - virtual_space_node_default_size: 8388608.
 - enlarge_chunks_in_place: 1.
 - use_allocation_guard: 0.


Internal statistics:

num_allocs_failed_limit: 416.
num_arena_births: 12782.
num_arena_deaths: 622.
num_vsnodes_births: 8.
num_vsnodes_deaths: 0.
num_space_committed: 8617.
num_space_uncommitted: 0.
num_chunks_returned_to_freelist: 1287.
num_chunks_taken_from_freelist: 44110.
num_chunk_merges: 779.
num_chunk_splits: 25537.
num_chunks_enlarged: 14345.
num_inconsistent_stats: 0.

CodeHeap 'non-profiled nmethods': size=119168Kb used=71558Kb max_used=71673Kb free=47609Kb
 bounds [0x00000270328a0000, 0x0000027036ee0000, 0x0000027039d00000]
CodeHeap 'profiled nmethods': size=119104Kb used=39328Kb max_used=79204Kb free=79775Kb
 bounds [0x000002702ad00000, 0x000002702faf0000, 0x0000027032150000]
CodeHeap 'non-nmethods': size=7488Kb used=5130Kb max_used=6976Kb free=2357Kb
 bounds [0x0000027032150000, 0x0000027032840000, 0x00000270328a0000]
CodeCache: size=245760Kb, used=116016Kb, max_used=157853Kb, free=129741Kb
 total_blobs=35128, nmethods=31038, adapters=3983, full_count=0
Compilation: enabled, stopped_count=0, restarted_count=0

Compilation events (20 events):
Event: 777.527 Thread 0x0000027047a85b20 138617       2       java.nio.FloatBuffer::limit (8 bytes)
Event: 777.527 Thread 0x0000027047a85b20 nmethod 138617 0x000002702ec11a90 code [0x000002702ec11c40, 0x000002702ec11d70]
Event: 777.547 Thread 0x0000027047a85b20 138618       2       java.nio.FloatBuffer::position (6 bytes)
Event: 777.547 Thread 0x0000027047a85b20 nmethod 138618 0x000002702f4fc990 code [0x000002702f4fcb40, 0x000002702f4fcc70]
Event: 777.554 Thread 0x0000027047a85b20 138619       1       net.neoforged.neoforge.event.entity.EntityEvent$Size::getNewSize (5 bytes)
Event: 777.554 Thread 0x0000027047a85b20 nmethod 138619 0x0000027034561890 code [0x0000027034561a20, 0x0000027034561af0]
Event: 777.566 Thread 0x0000027047a85b20 138620       2       java.nio.DirectByteBuffer::asFloatBuffer (179 bytes)
Event: 777.567 Thread 0x0000027047a85b20 nmethod 138620 0x000002702f653110 code [0x000002702f6532e0, 0x000002702f653598]
Event: 777.567 Thread 0x0000027047a85b20 138621       2       java.nio.DirectFloatBufferU::<init> (51 bytes)
Event: 777.567 Thread 0x0000027047a85b20 nmethod 138621 0x000002702e976d90 code [0x000002702e976f60, 0x000002702e9771a0]
Event: 777.567 Thread 0x0000027047a85b20 138622       2       java.nio.FloatBuffer::<init> (14 bytes)
Event: 777.567 Thread 0x0000027047a85b20 nmethod 138622 0x000002702d8a8b10 code [0x000002702d8a8cc0, 0x000002702d8a8df8]
Event: 777.617 Thread 0x0000027137ee18e0 nmethod 138614 0x0000027035ab3210 code [0x0000027035ab3a80, 0x0000027035ab8688]
Event: 777.618 Thread 0x0000027047a84a50 nmethod 138613 0x0000027034c21790 code [0x0000027034c22000, 0x0000027034c26c48]
Event: 777.618 Thread 0x0000027137ee18e0 138615       4       java.nio.FloatBuffer::<init> (24 bytes)
Event: 777.619 Thread 0x0000027047a84a50 138616       4       java.nio.FloatBuffer::limit (6 bytes)
Event: 777.619 Thread 0x0000027047a84a50 nmethod 138616 0x0000027035106590 code [0x0000027035106720, 0x0000027035106838]
Event: 777.621 Thread 0x0000027137ee18e0 nmethod 138615 0x00000270337e7b10 code [0x00000270337e7cc0, 0x00000270337e8108]
Event: 777.776 Thread 0x0000027047a85b20 138623       1       net.minecraft.network.protocol.game.ServerboundSetCarriedItemPacket::getSlot (5 bytes)
Event: 777.777 Thread 0x0000027047a85b20 nmethod 138623 0x000002703457b590 code [0x000002703457b720, 0x000002703457b7e8]

GC Heap History (20 events):
Event: 742.718 GC heap before
{Heap before GC invocations=308 (full 0):
 garbage-first heap   total 7700480K, used 7296947K [0x00000005d0000000, 0x0000000800000000)
  region size 8192K, 409 young (3350528K), 21 survivors (172032K)
 Metaspace       used 545007K, committed 551744K, reserved 1507328K
  class space    used 100141K, committed 103168K, reserved 1048576K
}
Event: 742.753 GC heap after
{Heap after GC invocations=309 (full 0):
 garbage-first heap   total 7700480K, used 4145514K [0x00000005d0000000, 0x0000000800000000)
  region size 8192K, 23 young (188416K), 23 survivors (188416K)
 Metaspace       used 545007K, committed 551744K, reserved 1507328K
  class space    used 100141K, committed 103168K, reserved 1048576K
}
Event: 746.209 GC heap before
{Heap before GC invocations=310 (full 0):
 garbage-first heap   total 7700480K, used 7299434K [0x00000005d0000000, 0x0000000800000000)
  region size 8192K, 409 young (3350528K), 23 survivors (188416K)
 Metaspace       used 545102K, committed 551808K, reserved 1507328K
  class space    used 100153K, committed 103168K, reserved 1048576K
}
Event: 746.245 GC heap after
{Heap after GC invocations=311 (full 0):
 garbage-first heap   total 7700480K, used 4141497K [0x00000005d0000000, 0x0000000800000000)
  region size 8192K, 23 young (188416K), 23 survivors (188416K)
 Metaspace       used 545102K, committed 551808K, reserved 1507328K
  class space    used 100153K, committed 103168K, reserved 1048576K
}
Event: 749.407 GC heap before
{Heap before GC invocations=311 (full 0):
 garbage-first heap   total 7700480K, used 7295417K [0x00000005d0000000, 0x0000000800000000)
  region size 8192K, 409 young (3350528K), 23 survivors (188416K)
 Metaspace       used 545124K, committed 551808K, reserved 1507328K
  class space    used 100154K, committed 103168K, reserved 1048576K
}
Event: 749.499 GC heap after
{Heap after GC invocations=312 (full 0):
 garbage-first heap   total 7749632K, used 4277067K [0x00000005d0000000, 0x0000000800000000)
  region size 8192K, 44 young (360448K), 44 survivors (360448K)
 Metaspace       used 545124K, committed 551808K, reserved 1507328K
  class space    used 100154K, committed 103168K, reserved 1048576K
}
Event: 752.909 GC heap before
{Heap before GC invocations=312 (full 0):
 garbage-first heap   total 7749632K, used 7349067K [0x00000005d0000000, 0x0000000800000000)
  region size 8192K, 419 young (3432448K), 44 survivors (360448K)
 Metaspace       used 545191K, committed 551936K, reserved 1507328K
  class space    used 100166K, committed 103232K, reserved 1048576K
}
Event: 752.946 GC heap after
{Heap after GC invocations=313 (full 0):
 garbage-first heap   total 7749632K, used 4147840K [0x00000005d0000000, 0x0000000800000000)
  region size 8192K, 13 young (106496K), 13 survivors (106496K)
 Metaspace       used 545191K, committed 551936K, reserved 1507328K
  class space    used 100166K, committed 103232K, reserved 1048576K
}
Event: 756.688 GC heap before
{Heap before GC invocations=314 (full 0):
 garbage-first heap   total 7749632K, used 7342720K [0x00000005d0000000, 0x0000000800000000)
  region size 8192K, 404 young (3309568K), 13 survivors (106496K)
 Metaspace       used 545208K, committed 551936K, reserved 1507328K
  class space    used 100167K, committed 103232K, reserved 1048576K
}
Event: 756.714 GC heap after
{Heap after GC invocations=315 (full 0):
 garbage-first heap   total 7749632K, used 4167697K [0x00000005d0000000, 0x0000000800000000)
  region size 8192K, 15 young (122880K), 15 survivors (122880K)
 Metaspace       used 545208K, committed 551936K, reserved 1507328K
  class space    used 100167K, committed 103232K, reserved 1048576K
}
Event: 760.159 GC heap before
{Heap before GC invocations=315 (full 0):
 garbage-first heap   total 7749632K, used 7346193K [0x00000005d0000000, 0x0000000800000000)
  region size 8192K, 404 young (3309568K), 15 survivors (122880K)
 Metaspace       used 545219K, committed 552000K, reserved 1507328K
  class space    used 100167K, committed 103232K, reserved 1048576K
}
Event: 760.202 GC heap after
{Heap after GC invocations=316 (full 0):
 garbage-first heap   total 7749632K, used 4165619K [0x00000005d0000000, 0x0000000800000000)
  region size 8192K, 17 young (139264K), 17 survivors (139264K)
 Metaspace       used 545219K, committed 552000K, reserved 1507328K
  class space    used 100167K, committed 103232K, reserved 1048576K
}
Event: 764.298 GC heap before
{Heap before GC invocations=316 (full 0):
 garbage-first heap   total 7749632K, used 7344115K [0x00000005d0000000, 0x0000000800000000)
  region size 8192K, 406 young (3325952K), 17 survivors (139264K)
 Metaspace       used 545221K, committed 552000K, reserved 1507328K
  class space    used 100167K, committed 103232K, reserved 1048576K
}
Event: 764.327 GC heap after
{Heap after GC invocations=317 (full 0):
 garbage-first heap   total 7749632K, used 4178947K [0x00000005d0000000, 0x0000000800000000)
  region size 8192K, 19 young (155648K), 19 survivors (155648K)
 Metaspace       used 545221K, committed 552000K, reserved 1507328K
  class space    used 100167K, committed 103232K, reserved 1048576K
}
Event: 769.661 GC heap before
{Heap before GC invocations=318 (full 0):
 garbage-first heap   total 7749632K, used 7341059K [0x00000005d0000000, 0x0000000800000000)
  region size 8192K, 406 young (3325952K), 19 survivors (155648K)
 Metaspace       used 545261K, committed 552000K, reserved 1507328K
  class space    used 100169K, committed 103232K, reserved 1048576K
}
Event: 769.690 GC heap after
{Heap after GC invocations=319 (full 0):
 garbage-first heap   total 7749632K, used 4171024K [0x00000005d0000000, 0x0000000800000000)
  region size 8192K, 18 young (147456K), 18 survivors (147456K)
 Metaspace       used 545261K, committed 552000K, reserved 1507328K
  class space    used 100169K, committed 103232K, reserved 1048576K
}
Event: 772.671 GC heap before
{Heap before GC invocations=319 (full 0):
 garbage-first heap   total 7749632K, used 7341328K [0x00000005d0000000, 0x0000000800000000)
  region size 8192K, 406 young (3325952K), 18 survivors (147456K)
 Metaspace       used 545274K, committed 552064K, reserved 1507328K
  class space    used 100169K, committed 103232K, reserved 1048576K
}
Event: 772.721 GC heap after
{Heap after GC invocations=320 (full 0):
 garbage-first heap   total 7749632K, used 4192692K [0x00000005d0000000, 0x0000000800000000)
  region size 8192K, 24 young (196608K), 24 survivors (196608K)
 Metaspace       used 545274K, committed 552064K, reserved 1507328K
  class space    used 100169K, committed 103232K, reserved 1048576K
}
Event: 775.875 GC heap before
{Heap before GC invocations=320 (full 0):
 garbage-first heap   total 7749632K, used 7338420K [0x00000005d0000000, 0x0000000800000000)
  region size 8192K, 409 young (3350528K), 24 survivors (196608K)
 Metaspace       used 545313K, committed 552064K, reserved 1507328K
  class space    used 100173K, committed 103232K, reserved 1048576K
}
Event: 775.911 GC heap after
{Heap after GC invocations=321 (full 0):
 garbage-first heap   total 7749632K, used 4195986K [0x00000005d0000000, 0x0000000800000000)
  region size 8192K, 24 young (196608K), 24 survivors (196608K)
 Metaspace       used 545313K, committed 552064K, reserved 1507328K
  class space    used 100173K, committed 103232K, reserved 1048576K
}

Dll operation events (20 events):
Event: 0.004 Loaded shared library C:\Users\saund\GamingContent\CurseForge\Install\java\java-runtime-delta\bin\java.dll
Event: 0.025 Loaded shared library C:\Users\saund\GamingContent\CurseForge\Install\java\java-runtime-delta\bin\jsvml.dll
Event: 0.096 Loaded shared library C:\Users\saund\GamingContent\CurseForge\Install\java\java-runtime-delta\bin\net.dll
Event: 0.098 Loaded shared library C:\Users\saund\GamingContent\CurseForge\Install\java\java-runtime-delta\bin\nio.dll
Event: 0.100 Loaded shared library C:\Users\saund\GamingContent\CurseForge\Install\java\java-runtime-delta\bin\zip.dll
Event: 0.143 Loaded shared library C:\Users\saund\GamingContent\CurseForge\Install\java\java-runtime-delta\bin\jimage.dll
Event: 0.310 Loaded shared library C:\Users\saund\GamingContent\CurseForge\Install\java\java-runtime-delta\bin\verify.dll
Event: 1.595 Loaded shared library C:\Users\saund\GamingContent\CurseForge\Install\java\java-runtime-delta\bin\management.dll
Event: 1.597 Loaded shared library C:\Users\saund\GamingContent\CurseForge\Install\java\java-runtime-delta\bin\management_ext.dll
Event: 2.680 Loaded shared library C:\Users\saund\GamingContent\CurseForge\Install\natives\neoforge-21.1.249\lwjgl.dll
Event: 2.948 Loaded shared library C:\Users\saund\GamingContent\CurseForge\Install\natives\neoforge-21.1.249\lwjgl_stb.dll
Event: 3.011 Loaded shared library C:\Users\saund\GamingContent\CurseForge\Install\natives\neoforge-21.1.249\lwjgl_opengl.dll
Event: 15.519 Loaded shared library C:\Users\saund\GamingContent\CurseForge\Install\natives\neoforge-21.1.249\jna13618078633651884835.dll
Event: 21.618 Loaded shared library C:\Users\saund\GamingContent\CurseForge\Install\java\java-runtime-delta\bin\sunmscapi.dll
Event: 21.737 Loaded shared library C:\Users\saund\GamingContent\CurseForge\Install\java\java-runtime-delta\bin\extnet.dll
Event: 26.017 Loaded shared library C:\Users\saund\GamingContent\CurseForge\Install\java\java-runtime-delta\bin\awt.dll
Event: 41.890 Loaded shared library C:\Users\saund\AppData\Local\Temp\libzstd-jni_dh-1.5.7-67586810868689644903.dll
Event: 42.023 Loaded shared library C:\Users\saund\GamingContent\CurseForge\Install\java\java-runtime-delta\bin\jsound.dll
Event: 42.190 Loaded shared library C:\Users\saund\AppData\Local\Temp\sqlite-3.47.2.0-50a1c8d8-f906-41a7-b73c-349a84f392a5-sqlitejdbc.dll
Event: 81.292 Loaded shared library C:\Users\saund\GamingContent\CurseForge\Instances\Mingleton-Modpack\.sable\natives\sable_rapier_x86_64_windows.dll

Deoptimization events (20 events):
Event: 775.323 Thread 0x00000271361d84c0 Uncommon trap: trap_request=0xffffffde fr.pc=0x00000270362613ac relative=0x00000000000022ec
Event: 775.323 Thread 0x00000271361d84c0 Uncommon trap: reason=class_check action=maybe_recompile pc=0x00000270362613ac method=java.util.concurrent.ConcurrentHashMap.compute(Ljava/lang/Object;Ljava/util/function/BiFunction;)Ljava/lang/Object; @ 500 c2
Event: 775.323 Thread 0x00000271361d84c0 DEOPT PACKING pc=0x00000270362613ac sp=0x000000be7fffeb60
Event: 775.323 Thread 0x00000271361d84c0 DEOPT UNPACKING pc=0x00000270321a4422 sp=0x000000be7fffeb00 mode 2
Event: 775.329 Thread 0x000002713589e0f0 Uncommon trap: trap_request=0xffffffde fr.pc=0x00000270362613ac relative=0x00000000000022ec
Event: 775.329 Thread 0x000002713589e0f0 Uncommon trap: reason=class_check action=maybe_recompile pc=0x00000270362613ac method=java.util.concurrent.ConcurrentHashMap.compute(Ljava/lang/Object;Ljava/util/function/BiFunction;)Ljava/lang/Object; @ 500 c2
Event: 775.329 Thread 0x000002713589e0f0 DEOPT PACKING pc=0x00000270362613ac sp=0x000000be7fdff0d0
Event: 775.329 Thread 0x000002713589e0f0 DEOPT UNPACKING pc=0x00000270321a4422 sp=0x000000be7fdff070 mode 2
Event: 775.503 Thread 0x0000027022aca320 Uncommon trap: trap_request=0xffffff45 fr.pc=0x00000270345e93d8 relative=0x0000000000003538
Event: 775.503 Thread 0x0000027022aca320 Uncommon trap: reason=unstable_if action=reinterpret pc=0x00000270345e93d8 method=net.minecraft.client.renderer.LevelRenderer.renderSky(Lorg/joml/Matrix4f;Lorg/joml/Matrix4f;FLnet/minecraft/client/Camera;ZLjava/lang/Runnable;)V @ 354 c2
Event: 775.503 Thread 0x0000027022aca320 DEOPT PACKING pc=0x00000270345e93d8 sp=0x000000be71cfdfa0
Event: 775.503 Thread 0x0000027022aca320 DEOPT UNPACKING pc=0x00000270321a4422 sp=0x000000be71cfdef8 mode 2
Event: 775.567 Thread 0x0000027022aca320 Uncommon trap: trap_request=0xffffff45 fr.pc=0x0000027033986d48 relative=0x00000000000004c8
Event: 775.567 Thread 0x0000027022aca320 Uncommon trap: reason=unstable_if action=reinterpret pc=0x0000027033986d48 method=foundry.veil.impl.client.render.shader.uniform.ShaderUniformImpl.setVector(FFFF)V @ 53 c2
Event: 775.567 Thread 0x0000027022aca320 DEOPT PACKING pc=0x0000027033986d48 sp=0x000000be71cfdb30
Event: 775.567 Thread 0x0000027022aca320 DEOPT UNPACKING pc=0x00000270321a4422 sp=0x000000be71cfda68 mode 2
Event: 777.220 Thread 0x00000270b56f4aa0 Uncommon trap: trap_request=0xffffff45 fr.pc=0x000002703357fe14 relative=0x0000000000000874
Event: 777.220 Thread 0x00000270b56f4aa0 Uncommon trap: reason=unstable_if action=reinterpret pc=0x000002703357fe14 method=io.netty.channel.nio.NioEventLoop.select(J)I @ 32 c2
Event: 777.220 Thread 0x00000270b56f4aa0 DEOPT PACKING pc=0x000002703357fe14 sp=0x000000be004fed20
Event: 777.220 Thread 0x00000270b56f4aa0 DEOPT UNPACKING pc=0x00000270321a4422 sp=0x000000be004fecc8 mode 2

Classes loaded (20 events):
Event: 308.428 Loading class java/util/stream/DoublePipeline$1$1
Event: 308.428 Loading class java/util/stream/Sink$ChainedDouble
Event: 308.428 Loading class java/util/stream/Sink$ChainedDouble done
Event: 308.428 Loading class java/util/stream/DoublePipeline$1$1 done
Event: 308.448 Loading class java/util/stream/Streams$DoubleStreamBuilderImpl
Event: 308.448 Loading class java/util/stream/DoubleStream$Builder
Event: 308.448 Loading class java/util/stream/DoubleStream$Builder done
Event: 308.449 Loading class java/util/stream/Streams$DoubleStreamBuilderImpl done
Event: 341.938 Loading class java/awt/image/DataBufferUShort
Event: 341.938 Loading class java/awt/image/DataBufferUShort done
Event: 341.938 Loading class sun/awt/image/ShortInterleavedRaster
Event: 341.938 Loading class sun/awt/image/ShortInterleavedRaster done
Event: 590.589 Loading class java/util/concurrent/locks/StampedLock$WriterNode
Event: 590.605 Loading class java/util/concurrent/locks/StampedLock$WriterNode done
Event: 590.605 Loading class java/util/concurrent/locks/StampedLock$ReaderNode
Event: 590.605 Loading class java/util/concurrent/locks/StampedLock$ReaderNode done
Event: 605.026 Loading class java/util/WeakHashMap$KeySpliterator
Event: 605.026 Loading class java/util/WeakHashMap$WeakHashMapSpliterator
Event: 605.026 Loading class java/util/WeakHashMap$WeakHashMapSpliterator done
Event: 605.026 Loading class java/util/WeakHashMap$KeySpliterator done

Classes unloaded (20 events):
Event: 180.249 Thread 0x0000027047a52fd0 Unloading class 0x00000270500e2000 'java/lang/invoke/LambdaForm$MH+0x00000270500e2000'
Event: 180.249 Thread 0x0000027047a52fd0 Unloading class 0x00000270500e1800 'java/lang/invoke/LambdaForm$DMH+0x00000270500e1800'
Event: 180.249 Thread 0x0000027047a52fd0 Unloading class 0x00000270500e1000 'java/lang/invoke/LambdaForm$DMH+0x00000270500e1000'
Event: 180.249 Thread 0x0000027047a52fd0 Unloading class 0x00000270500e0800 'java/lang/invoke/LambdaForm$MH+0x00000270500e0800'
Event: 180.249 Thread 0x0000027047a52fd0 Unloading class 0x00000270500e0000 'java/lang/invoke/LambdaForm$DMH+0x00000270500e0000'
Event: 188.173 Thread 0x0000027047a52fd0 Unloading class 0x00000270501e8c00 'java/lang/invoke/LambdaForm$DMH+0x00000270501e8c00'
Event: 188.173 Thread 0x0000027047a52fd0 Unloading class 0x00000270501e8800 'java/lang/invoke/LambdaForm$DMH+0x00000270501e8800'
Event: 194.250 Thread 0x0000027047a52fd0 Unloading class 0x0000027050278000 'java/lang/invoke/LambdaForm$MH+0x0000027050278000'
Event: 194.250 Thread 0x0000027047a52fd0 Unloading class 0x0000027050273400 'java/lang/invoke/LambdaForm$MH+0x0000027050273400'
Event: 194.250 Thread 0x0000027047a52fd0 Unloading class 0x0000027050273c00 'java/lang/invoke/LambdaForm$MH+0x0000027050273c00'
Event: 194.250 Thread 0x0000027047a52fd0 Unloading class 0x0000027050273000 'java/lang/invoke/LambdaForm$DMH+0x0000027050273000'
Event: 194.250 Thread 0x0000027047a52fd0 Unloading class 0x0000027050272c00 'java/lang/invoke/LambdaForm$DMH+0x0000027050272c00'
Event: 194.250 Thread 0x0000027047a52fd0 Unloading class 0x0000027050272400 'java/lang/invoke/LambdaForm$DMH+0x0000027050272400'
Event: 194.250 Thread 0x0000027047a52fd0 Unloading class 0x0000027050272000 'java/lang/invoke/LambdaForm$DMH+0x0000027050272000'
Event: 194.250 Thread 0x0000027047a52fd0 Unloading class 0x0000027050271c00 'java/lang/invoke/LambdaForm$DMH+0x0000027050271c00'
Event: 194.250 Thread 0x0000027047a52fd0 Unloading class 0x0000027050271400 'java/lang/invoke/LambdaForm$DMH+0x0000027050271400'
Event: 194.250 Thread 0x0000027047a52fd0 Unloading class 0x0000027050271000 'java/lang/invoke/LambdaForm$DMH+0x0000027050271000'
Event: 194.250 Thread 0x0000027047a52fd0 Unloading class 0x0000027050270c00 'java/lang/invoke/LambdaForm$DMH+0x0000027050270c00'
Event: 194.250 Thread 0x0000027047a52fd0 Unloading class 0x0000027050270800 'java/lang/invoke/LambdaForm$DMH+0x0000027050270800'
Event: 194.250 Thread 0x0000027047a52fd0 Unloading class 0x0000027050270400 'java/lang/invoke/LambdaForm$DMH+0x0000027050270400'

Classes redefined (0 events):
No events

Internal exceptions (20 events):
Event: 777.269 Thread 0x00000270e7babcf0 Exception <a 'sun/nio/fs/WindowsException'{0x000000076f872440}> (0x000000076f872440) 
thrown [s\src\hotspot\share\prims\jni.cpp, line 520]
Event: 777.270 Thread 0x0000027136545fd0 Exception <a 'sun/nio/fs/WindowsException'{0x000000076f856b60}> (0x000000076f856b60) 
thrown [s\src\hotspot\share\prims\jni.cpp, line 520]
Event: 777.270 Thread 0x00000270e7babcf0 Exception <a 'sun/nio/fs/WindowsException'{0x000000076fcbb5b0}> (0x000000076fcbb5b0) 
thrown [s\src\hotspot\share\prims\jni.cpp, line 520]
Event: 777.271 Thread 0x0000027136545fd0 Exception <a 'sun/nio/fs/WindowsException'{0x000000076fcd1850}> (0x000000076fcd1850) 
thrown [s\src\hotspot\share\prims\jni.cpp, line 520]
Event: 777.271 Thread 0x00000270e7babcf0 Exception <a 'sun/nio/fs/WindowsException'{0x000000076fcc1390}> (0x000000076fcc1390) 
thrown [s\src\hotspot\share\prims\jni.cpp, line 520]
Event: 777.272 Thread 0x0000027136545fd0 Exception <a 'sun/nio/fs/WindowsException'{0x000000076fcd7630}> (0x000000076fcd7630) 
thrown [s\src\hotspot\share\prims\jni.cpp, line 520]
Event: 777.272 Thread 0x00000270e7babcf0 Exception <a 'sun/nio/fs/WindowsException'{0x000000076fcc7170}> (0x000000076fcc7170) 
thrown [s\src\hotspot\share\prims\jni.cpp, line 520]
Event: 777.272 Thread 0x0000027136545fd0 Exception <a 'sun/nio/fs/WindowsException'{0x000000076fcdd410}> (0x000000076fcdd410) 
thrown [s\src\hotspot\share\prims\jni.cpp, line 520]
Event: 777.273 Thread 0x00000270e7babcf0 Exception <a 'sun/nio/fs/WindowsException'{0x000000076fcccf50}> (0x000000076fcccf50) 
thrown [s\src\hotspot\share\prims\jni.cpp, line 520]
Event: 777.273 Thread 0x0000027136545fd0 Exception <a 'sun/nio/fs/WindowsException'{0x000000076fce31f0}> (0x000000076fce31f0) 
thrown [s\src\hotspot\share\prims\jni.cpp, line 520]
Event: 777.274 Thread 0x00000270e7babcf0 Exception <a 'sun/nio/fs/WindowsException'{0x000000076fceb348}> (0x000000076fceb348) 
thrown [s\src\hotspot\share\prims\jni.cpp, line 520]
Event: 777.274 Thread 0x0000027136545fd0 Exception <a 'sun/nio/fs/WindowsException'{0x000000076fd0a558}> (0x000000076fd0a558) 
thrown [s\src\hotspot\share\prims\jni.cpp, line 520]
Event: 777.275 Thread 0x00000270e7babcf0 Exception <a 'sun/nio/fs/WindowsException'{0x000000076fcf1128}> (0x000000076fcf1128) 
thrown [s\src\hotspot\share\prims\jni.cpp, line 520]
Event: 777.275 Thread 0x0000027136545fd0 Exception <a 'sun/nio/fs/WindowsException'{0x000000076fd10338}> (0x000000076fd10338) 
thrown [s\src\hotspot\share\prims\jni.cpp, line 520]
Event: 777.276 Thread 0x00000270e7babcf0 Exception <a 'sun/nio/fs/WindowsException'{0x000000076fcf6f08}> (0x000000076fcf6f08) 
thrown [s\src\hotspot\share\prims\jni.cpp, line 520]
Event: 777.276 Thread 0x0000027136545fd0 Exception <a 'sun/nio/fs/WindowsException'{0x000000076fd16118}> (0x000000076fd16118) 
thrown [s\src\hotspot\share\prims\jni.cpp, line 520]
Event: 777.277 Thread 0x00000270e7babcf0 Exception <a 'sun/nio/fs/WindowsException'{0x000000076fcfd650}> (0x000000076fcfd650) 
thrown [s\src\hotspot\share\prims\jni.cpp, line 520]
Event: 777.278 Thread 0x0000027136545fd0 Exception <a 'sun/nio/fs/WindowsException'{0x000000076fd1bef8}> (0x000000076fd1bef8) 
thrown [s\src\hotspot\share\prims\jni.cpp, line 520]
Event: 777.278 Thread 0x00000270e7babcf0 Exception <a 'sun/nio/fs/WindowsException'{0x000000076fd29fa0}> (0x000000076fd29fa0) 
thrown [s\src\hotspot\share\prims\jni.cpp, line 520]
Event: 777.279 Thread 0x0000027136545fd0 Exception <a 'sun/nio/fs/WindowsException'{0x000000076fd3ecd0}> (0x000000076fd3ecd0) 
thrown [s\src\hotspot\share\prims\jni.cpp, line 520]

ZGC Phase Switch (0 events):
No events

VM Operations (20 events):
Event: 769.592 Executing safepoint VM operation: Cleanup
Event: 769.592 Executing safepoint VM operation: Cleanup done
Event: 769.661 Executing safepoint VM operation: G1CollectForAllocation (G1 Evacuation Pause)
Event: 769.690 Executing safepoint VM operation: G1CollectForAllocation (G1 Evacuation Pause) done
Event: 770.690 Executing safepoint VM operation: Cleanup
Event: 770.690 Executing safepoint VM operation: Cleanup done
Event: 771.690 Executing safepoint VM operation: Cleanup
Event: 771.690 Executing safepoint VM operation: Cleanup done
Event: 772.671 Executing safepoint VM operation: G1CollectForAllocation (G1 Evacuation Pause)
Event: 772.721 Executing safepoint VM operation: G1CollectForAllocation (G1 Evacuation Pause) done
Event: 773.722 Executing safepoint VM operation: Cleanup
Event: 773.722 Executing safepoint VM operation: Cleanup done
Event: 774.722 Executing safepoint VM operation: Cleanup
Event: 774.722 Executing safepoint VM operation: Cleanup done
Event: 775.722 Executing safepoint VM operation: Cleanup
Event: 775.723 Executing safepoint VM operation: Cleanup done
Event: 775.875 Executing safepoint VM operation: G1CollectForAllocation (G1 Evacuation Pause)
Event: 775.911 Executing safepoint VM operation: G1CollectForAllocation (G1 Evacuation Pause) done
Event: 776.911 Executing safepoint VM operation: Cleanup
Event: 776.911 Executing safepoint VM operation: Cleanup done

Memory protections (0 events):
No events

Nmethod flushes (20 events):
Event: 766.434 Thread 0x0000027047a52fd0 flushing  nmethod 0x000002703699d490
Event: 766.434 Thread 0x0000027047a52fd0 flushing  nmethod 0x000002702b30a590
Event: 766.434 Thread 0x0000027047a52fd0 flushing  nmethod 0x000002702cb0d910
Event: 766.434 Thread 0x0000027047a52fd0 flushing  nmethod 0x000002702cb0ee90
Event: 766.434 Thread 0x0000027047a52fd0 flushing  nmethod 0x000002702cb0fa90
Event: 766.434 Thread 0x0000027047a52fd0 flushing  nmethod 0x000002702b2f6b10
Event: 766.434 Thread 0x0000027047a52fd0 flushing  nmethod 0x000002702c6c3d90
Event: 766.434 Thread 0x0000027047a52fd0 flushing  nmethod 0x000002702d42fd10
Event: 766.434 Thread 0x0000027047a52fd0 flushing  nmethod 0x000002702f566710
Event: 766.434 Thread 0x0000027047a52fd0 flushing  nmethod 0x00000270352c2910
Event: 766.434 Thread 0x0000027047a52fd0 flushing  nmethod 0x00000270353e0710
Event: 766.434 Thread 0x0000027047a52fd0 flushing  nmethod 0x00000270356d0810
Event: 766.434 Thread 0x0000027047a52fd0 flushing  nmethod 0x0000027036971790
Event: 766.434 Thread 0x0000027047a52fd0 flushing  nmethod 0x0000027036dba310
Event: 766.434 Thread 0x0000027047a52fd0 flushing  nmethod 0x0000027036dbea10
Event: 766.434 Thread 0x0000027047a52fd0 flushing  nmethod 0x000002702ba42610
Event: 766.434 Thread 0x0000027047a52fd0 flushing  nmethod 0x000002702c49a810
Event: 766.434 Thread 0x0000027047a52fd0 flushing  nmethod 0x000002702c5f6a90
Event: 766.434 Thread 0x0000027047a52fd0 flushing  nmethod 0x000002702ce5e390
Event: 766.434 Thread 0x0000027047a52fd0 flushing  nmethod 0x000002702e389d90

Events (20 events):
Event: 765.917 Thread 0x00000271aea07fb0 Thread exited: 0x00000271aea07fb0
Event: 767.174 Thread 0x0000027047a85b20 Thread added: 0x0000027137edf000
Event: 767.386 Thread 0x0000027137edf000 Thread exited: 0x0000027137edf000
Event: 767.458 Thread 0x0000027022aca320 Thread added: 0x00000271382871e0
Event: 767.911 Thread 0x00000271382871e0 Thread exited: 0x00000271382871e0
Event: 769.448 Thread 0x0000027022aca320 Thread added: 0x00000270be17d2f0
Event: 769.931 Thread 0x00000270be17d2f0 Thread exited: 0x00000270be17d2f0
Event: 771.448 Thread 0x0000027022aca320 Thread added: 0x00000271382864c0
Event: 771.901 Thread 0x00000271382864c0 Thread exited: 0x00000271382864c0
Event: 773.451 Thread 0x0000027022aca320 Thread added: 0x00000270e713d900
Event: 773.909 Thread 0x00000270e713d900 Thread exited: 0x00000270e713d900
Event: 775.448 Thread 0x0000027022aca320 Thread added: 0x00000271382864c0
Event: 775.945 Thread 0x00000271382864c0 Thread exited: 0x00000271382864c0
Event: 776.033 Thread 0x0000027047a85b20 Thread added: 0x0000027137edf000
Event: 776.033 Thread 0x0000027047a85b20 Thread added: 0x0000027137ee1210
Event: 776.245 Thread 0x0000027137ee1210 Thread exited: 0x0000027137ee1210
Event: 776.363 Thread 0x0000027137edf000 Thread exited: 0x0000027137edf000
Event: 777.411 Thread 0x0000027047a84a50 Thread added: 0x0000027137ee18e0
Event: 777.451 Thread 0x0000027022aca320 Thread added: 0x0000027094321060
Event: 777.776 Thread 0x0000027137ee18e0 Thread exited: 0x0000027137ee18e0


Dynamic libraries:
0x00007ff7c1940000 - 0x00007ff7c194e000 	C:\Users\saund\GamingContent\CurseForge\Install\java\java-runtime-delta\bin\javaw.exe
0x00007ff832ad0000 - 0x00007ff832cc8000 	C:\Windows\SYSTEM32\ntdll.dll
0x00007ff8319c0000 - 0x00007ff831a82000 	C:\Windows\System32\KERNEL32.DLL
0x00007ff830660000 - 0x00007ff830956000 	C:\Windows\System32\KERNELBASE.dll
0x00007ff8303f0000 - 0x00007ff8304f0000 	C:\Windows\System32\ucrtbase.dll
0x00007ff809390000 - 0x00007ff8093a8000 	C:\Users\saund\GamingContent\CurseForge\Install\java\java-runtime-delta\bin\jli.dll
0x00007ff809370000 - 0x00007ff80938e000 	C:\Users\saund\GamingContent\CurseForge\Install\java\java-runtime-delta\bin\VCRUNTIME140.dll
0x00007ff8325f0000 - 0x00007ff832791000 	C:\Windows\System32\USER32.dll
0x00007ff8304f0000 - 0x00007ff830512000 	C:\Windows\System32\win32u.dll
0x00007ff8137f0000 - 0x00007ff813a8b000 	C:\Windows\WinSxS\amd64_microsoft.windows.common-controls_6595b64144ccf1df_6.0.19041.6456_none_60b8a6cb71f64256\COMCTL32.dll
0x00007ff8325c0000 - 0x00007ff8325eb000 	C:\Windows\System32\GDI32.dll
0x00007ff830ca0000 - 0x00007ff830d3e000 	C:\Windows\System32\msvcrt.dll
0x00007ff830230000 - 0x00007ff830349000 	C:\Windows\System32\gdi32full.dll
0x00007ff830350000 - 0x00007ff8303ed000 	C:\Windows\System32\msvcp_win.dll
0x00007ff830f70000 - 0x00007ff830f9f000 	C:\Windows\System32\IMM32.DLL
0x00007ff803de0000 - 0x00007ff803dec000 	C:\Users\saund\GamingContent\CurseForge\Install\java\java-runtime-delta\bin\vcruntime140_1.dll
0x00007fffff8c0000 - 0x00007fffff94d000 	C:\Users\saund\GamingContent\CurseForge\Install\java\java-runtime-delta\bin\msvcp140.dll
0x00007fff65240000 - 0x00007fff65fe2000 	C:\Users\saund\GamingContent\CurseForge\Install\java\java-runtime-delta\bin\server\jvm.dll
0x00007ff831840000 - 0x00007ff8318f1000 	C:\Windows\System32\ADVAPI32.dll
0x00007ff830d40000 - 0x00007ff830ddf000 	C:\Windows\System32\sechost.dll
0x00007ff8324a0000 - 0x00007ff8325c0000 	C:\Windows\System32\RPCRT4.dll
0x00007ff830960000 - 0x00007ff830987000 	C:\Windows\System32\bcrypt.dll
0x00007ff830ea0000 - 0x00007ff830f0b000 	C:\Windows\System32\WS2_32.dll
0x00007ff82f6a0000 - 0x00007ff82f6eb000 	C:\Windows\SYSTEM32\POWRPROF.dll
0x00007ff82a680000 - 0x00007ff82a68a000 	C:\Windows\SYSTEM32\VERSION.dll
0x00007ff81eb10000 - 0x00007ff81eb37000 	C:\Windows\SYSTEM32\WINMM.dll
0x00007ff82f560000 - 0x00007ff82f572000 	C:\Windows\SYSTEM32\UMPDC.dll
0x00007ff82e990000 - 0x00007ff82e9a2000 	C:\Windows\SYSTEM32\kernel.appcore.dll
0x00007ff803dd0000 - 0x00007ff803dda000 	C:\Users\saund\GamingContent\CurseForge\Install\java\java-runtime-delta\bin\jimage.dll
0x00007ff82dd00000 - 0x00007ff82df01000 	C:\Windows\SYSTEM32\DBGHELP.DLL
0x00007ff80f360000 - 0x00007ff80f394000 	C:\Windows\SYSTEM32\dbgcore.DLL
0x00007ff830520000 - 0x00007ff8305a2000 	C:\Windows\System32\bcryptPrimitives.dll
0x00007ff803610000 - 0x00007ff803630000 	C:\Users\saund\GamingContent\CurseForge\Install\java\java-runtime-delta\bin\java.dll
0x00007ff8310d0000 - 0x00007ff831840000 	C:\Windows\System32\SHELL32.dll
0x00007ff82df10000 - 0x00007ff82e6b5000 	C:\Windows\SYSTEM32\windows.storage.dll
0x00007ff831bb0000 - 0x00007ff831f04000 	C:\Windows\System32\combase.dll
0x00007ff82fb90000 - 0x00007ff82fbbb000 	C:\Windows\SYSTEM32\Wldp.dll
0x00007ff832940000 - 0x00007ff832a0d000 	C:\Windows\System32\OLEAUT32.dll
0x00007ff830df0000 - 0x00007ff830e9d000 	C:\Windows\System32\SHCORE.dll
0x00007ff8328e0000 - 0x00007ff83293b000 	C:\Windows\System32\shlwapi.dll
0x00007ff830090000 - 0x00007ff8300b4000 	C:\Windows\SYSTEM32\profapi.dll
0x00007fffff440000 - 0x00007fffff517000 	C:\Users\saund\GamingContent\CurseForge\Install\java\java-runtime-delta\bin\jsvml.dll
0x00007ff803490000 - 0x00007ff8034a0000 	C:\Users\saund\GamingContent\CurseForge\Install\java\java-runtime-delta\bin\net.dll
0x00007ff829c90000 - 0x00007ff829d9a000 	C:\Windows\SYSTEM32\WINHTTP.dll
0x00007ff82f8f0000 - 0x00007ff82f95a000 	C:\Windows\system32\mswsock.dll
0x00007fffff9f0000 - 0x00007fffffa06000 	C:\Users\saund\GamingContent\CurseForge\Install\java\java-runtime-delta\bin\nio.dll
0x00007fffff9d0000 - 0x00007fffff9e8000 	C:\Users\saund\GamingContent\CurseForge\Install\java\java-runtime-delta\bin\zip.dll
0x00007ff803480000 - 0x00007ff803490000 	C:\Users\saund\GamingContent\CurseForge\Install\java\java-runtime-delta\bin\verify.dll
0x00007ff803350000 - 0x00007ff80335a000 	C:\Users\saund\GamingContent\CurseForge\Install\java\java-runtime-delta\bin\management.dll
0x00007ff8032f0000 - 0x00007ff8032fc000 	C:\Users\saund\GamingContent\CurseForge\Install\java\java-runtime-delta\bin\management_ext.dll
0x00007ff830de0000 - 0x00007ff830de8000 	C:\Windows\System32\PSAPI.DLL
0x00007ff8076a0000 - 0x00007ff8076b7000 	C:\Windows\system32\napinsp.dll
0x00007ff807680000 - 0x00007ff80769b000 	C:\Windows\system32\pnrpnsp.dll
0x00007ff807660000 - 0x00007ff80767d000 	C:\Windows\system32\wshbth.dll
0x00007ff82a690000 - 0x00007ff82a6ad000 	C:\Windows\system32\NLAapi.dll
0x00007ff82f580000 - 0x00007ff82f5bb000 	C:\Windows\SYSTEM32\IPHLPAPI.DLL
0x00007ff82f5d0000 - 0x00007ff82f69a000 	C:\Windows\SYSTEM32\DNSAPI.dll
0x00007ff831fc0000 - 0x00007ff831fc8000 	C:\Windows\System32\NSI.dll
0x00007ff807640000 - 0x00007ff807652000 	C:\Windows\System32\winrnr.dll
0x00007ff825280000 - 0x00007ff82528a000 	C:\Windows\System32\rasadhlp.dll
0x00007ff824dc0000 - 0x00007ff824e40000 	C:\Windows\System32\fwpuclnt.dll
0x00007fffff3c0000 - 0x00007fffff43b000 	C:\Users\saund\GamingContent\CurseForge\Install\natives\neoforge-21.1.249\lwjgl.dll
0x00007fff666e0000 - 0x00007fff66950000 	C:\Users\saund\GamingContent\CurseForge\Install\natives\neoforge-21.1.249\jemalloc.dll
0x00007ffffb8b0000 - 0x00007ffffb932000 	C:\Users\saund\GamingContent\CurseForge\Install\natives\neoforge-21.1.249\glfw.dll
0x00007fff926d0000 - 0x00007fff92715000 	C:\Windows\SYSTEM32\dinput8.dll
0x00007ff807e40000 - 0x00007ff807e51000 	C:\Windows\SYSTEM32\xinput1_4.dll
0x00007ff8301e0000 - 0x00007ff83022e000 	C:\Windows\System32\cfgmgr32.dll
0x00007ff82ff10000 - 0x00007ff82ff43000 	C:\Windows\SYSTEM32\DEVOBJ.dll
0x00007ff82ced0000 - 0x00007ff82cefe000 	C:\Windows\SYSTEM32\dwmapi.dll
0x00007ff825390000 - 0x00007ff8254e2000 	C:\Windows\SYSTEM32\inputhost.dll
0x00007ff82b900000 - 0x00007ff82b9f2000 	C:\Windows\SYSTEM32\CoreMessaging.dll
0x00007ff82c600000 - 0x00007ff82c757000 	C:\Windows\SYSTEM32\wintypes.dll
0x00007ff82c470000 - 0x00007ff82c564000 	C:\Windows\SYSTEM32\PROPSYS.dll
0x00007ff82b5a0000 - 0x00007ff82b8fb000 	C:\Windows\SYSTEM32\CoreUIComponents.dll
0x00007ff82f3f0000 - 0x00007ff82f423000 	C:\Windows\SYSTEM32\ntmarta.dll
0x00007ff82cc40000 - 0x00007ff82ccde000 	C:\Windows\system32\uxtheme.dll
0x00007ff831a90000 - 0x00007ff831ba5000 	C:\Windows\System32\MSCTF.dll
0x00007fffc3750000 - 0x00007fffc3878000 	C:\Windows\SYSTEM32\opengl32.dll
0x00007fffc3720000 - 0x00007fffc374c000 	C:\Windows\SYSTEM32\GLU32.dll
0x00007ff831f10000 - 0x00007ff831fb9000 	C:\Windows\System32\clbcatq.dll
0x00007fff628e0000 - 0x00007fff65234000 	C:\Windows\System32\DriverStore\FileRepository\nvmdi.inf_amd64_c2d1126d336032b3\nvoglv64.dll
0x00007ff831fd0000 - 0x00007ff832440000 	C:\Windows\System32\SETUPAPI.dll
0x00007ff830fa0000 - 0x00007ff8310cb000 	C:\Windows\System32\ole32.dll
0x00007ff82aa40000 - 0x00007ff82aa54000 	C:\Windows\SYSTEM32\WTSAPI32.dll
0x00007ff82fd20000 - 0x00007ff82fd32000 	C:\Windows\SYSTEM32\msasn1.dll
0x00007ff82a5d0000 - 0x00007ff82a601000 	C:\Windows\SYSTEM32\cryptnet.dll
0x00007ff830990000 - 0x00007ff830aed000 	C:\Windows\System32\CRYPT32.dll
0x00007ff82fb00000 - 0x00007ff82fb0c000 	C:\Windows\SYSTEM32\cryptbase.dll
0x00007ff82a430000 - 0x00007ff82a577000 	C:\Windows\SYSTEM32\drvstore.dll
0x00007ff830160000 - 0x00007ff8301d3000 	C:\Windows\System32\WINTRUST.dll
0x00007ff831900000 - 0x00007ff83191d000 	C:\Windows\System32\imagehlp.dll
0x00007ff82fae0000 - 0x00007ff82faf8000 	C:\Windows\SYSTEM32\CRYPTSP.dll
0x00007ff82f1a0000 - 0x00007ff82f1d8000 	C:\Windows\system32\rsaenh.dll
0x00007ff81fa50000 - 0x00007ff8237e4000 	C:\Windows\System32\DriverStore\FileRepository\nvmdi.inf_amd64_c2d1126d336032b3\nvgpucomp64.dll
0x00007ff825e50000 - 0x00007ff825e8b000 	C:\Windows\SYSTEM32\dxcore.dll
0x00007ff82ee10000 - 0x00007ff82ee73000 	C:\Windows\SYSTEM32\WINSTA.dll
0x00007fffe0cc0000 - 0x00007fffe0d42000 	C:\Users\saund\GamingContent\CurseForge\Install\natives\neoforge-21.1.249\lwjgl_stb.dll
0x00007ff827d20000 - 0x00007ff827dce000 	C:\Windows\SYSTEM32\mscms.dll
0x00007ff830050000 - 0x00007ff83007e000 	C:\Windows\SYSTEM32\USERENV.dll
0x00007ff827c70000 - 0x00007ff827c81000 	C:\Windows\SYSTEM32\ColorAdapterClient.dll
0x00007fff90840000 - 0x00007fff90885000 	C:\Windows\SYSTEM32\icm32.dll
0x00007ff825290000 - 0x00007ff825389000 	C:\Windows\SYSTEM32\textinputframework.dll
0x00007fffeba60000 - 0x00007fffebd54000 	C:\Windows\System32\uiautomationcore.dll
0x00007ff813060000 - 0x00007ff8130c6000 	C:\Windows\System32\OLEACC.dll
0x00007fffff860000 - 0x00007fffff8be000 	C:\Users\saund\GamingContent\CurseForge\Install\natives\neoforge-21.1.249\lwjgl_opengl.dll
0x00007ff80e490000 - 0x00007ff80e4e1000 	C:\Windows\SYSTEM32\pdh.dll
0x00007ff829780000 - 0x00007ff82978f000 	C:\Windows\System32\perfproc.dll
0x00007ff814650000 - 0x00007ff81465f000 	C:\Windows\System32\perfos.dll
0x00007fffff370000 - 0x00007fffff3b5000 	C:\Users\saund\GamingContent\CurseForge\Install\natives\neoforge-21.1.249\jna13618078633651884835.dll
0x00007ff814700000 - 0x00007ff81471f000 	C:\Windows\SYSTEM32\amsi.dll
0x00007ff80b9f0000 - 0x00007ff80ba94000 	C:\ProgramData\Microsoft\Windows Defender\Platform\4.18.26080.3-0\MpOav.dll
0x00007ff803220000 - 0x00007ff80322e000 	C:\Users\saund\GamingContent\CurseForge\Install\java\java-runtime-delta\bin\sunmscapi.dll
0x00007ff82fc00000 - 0x00007ff82fc27000 	C:\Windows\SYSTEM32\ncrypt.dll
0x00007ff82fbc0000 - 0x00007ff82fbfb000 	C:\Windows\SYSTEM32\NTASN1.dll
0x00007ff800020000 - 0x00007ff800029000 	C:\Users\saund\GamingContent\CurseForge\Install\java\java-runtime-delta\bin\extnet.dll
0x00007fff66550000 - 0x00007fff666df000 	C:\Users\saund\GamingContent\CurseForge\Install\java\java-runtime-delta\bin\awt.dll
0x00007ff82bcf0000 - 0x00007ff82bd84000 	C:\Windows\SYSTEM32\apphelp.dll
0x00007fff66380000 - 0x00007fff66547000 	C:\Users\saund\GamingContent\CurseForge\Install\natives\neoforge-21.1.249\OpenAL.dll
0x00007ff8294c0000 - 0x00007ff829545000 	C:\Windows\System32\MMDevApi.dll
0x00007fff62500000 - 0x00007fff628d2000 	C:\Users\saund\AppData\Local\Discord\app-1.0.9256\modules\discord_hook-1\discord_hook\66b9c9a171a155\DiscordHook64.dll
0x00007fff8fdc0000 - 0x00007fff8ff4d000 	C:\Windows\System32\Speech\Common\sapi.dll
0x00007fff8fdb0000 - 0x00007fff8fdbb000 	C:\Windows\SYSTEM32\msdmo.dll
0x00007fffb0ec0000 - 0x00007fffb0ede000 	C:\Windows\SYSTEM32\MSACM32.dll
0x00007ff813e90000 - 0x00007ff813eb6000 	C:\Windows\SYSTEM32\winmmbase.dll
0x00007fff8e0f0000 - 0x00007fff8e0f7000 	C:\Windows\system32\wshunix.dll
0x00007fffc9fd0000 - 0x00007fffca0f1000 	C:\Users\saund\AppData\Local\Temp\libzstd-jni_dh-1.5.7-67586810868689644903.dll
0x00007fffff9b0000 - 0x00007fffff9c2000 	C:\Users\saund\GamingContent\CurseForge\Install\java\java-runtime-delta\bin\jsound.dll
0x00007fffb0f50000 - 0x00007fffb0fec000 	C:\Windows\SYSTEM32\DSOUND.dll

JVMTI agents: none

dbghelp: loaded successfully - version: 4.0.5 - missing functions: none
symbol engine: initialized successfully - sym options: 0x614 - pdb path: .;C:\Users\saund\GamingContent\CurseForge\Install\java\java-runtime-delta\bin;C:\Windows\SYSTEM32;C:\Windows\WinSxS\amd64_microsoft.windows.common-controls_6595b64144ccf1df_6.0.19041.6456_none_60b8a6cb71f64256;C:\Users\saund\GamingContent\CurseForge\Install\java\java-runtime-delta\bin\server;C:\Users\saund\GamingContent\CurseForge\Install\natives\neoforge-21.1.249;C:\Windows\System32\DriverStore\FileRepository\nvmdi.inf_amd64_c2d1126d336032b3;C:\ProgramData\Microsoft\Windows Defender\Platform\4.18.26080.3-0;C:\Users\saund\AppData\Local\Discord\app-1.0.9256\modules\discord_hook-1\discord_hook\66b9c9a171a155;C:\Windows\System32\Speech\Common;C:\Users\saund\AppData\Local\Temp;C:\Users\saund\GamingContent\CurseForge\Instances\Mingleton-Modpack\.sable\natives

VM Arguments:
jvm_args: -XX:HeapDumpPath=MojangTricksIntelDriversForPerformance_javaw.exe_minecraft.exe.heapdump -Xss1M -Djava.library.path=C:\Users\saund\GamingContent\CurseForge\Install\natives\neoforge-21.1.249 -Djna.tmpdir=C:\Users\saund\GamingContent\CurseForge\Install\natives\neoforge-21.1.249 -Dorg.lwjgl.system.SharedLibraryExtractPath=C:\Users\saund\GamingContent\CurseForge\Install\natives\neoforge-21.1.249 -Dio.netty.native.workdir=C:\Users\saund\GamingContent\CurseForge\Install\natives\neoforge-21.1.249 -Dminecraft.launcher.brand=CurseForge -Dminecraft.launcher.version=1.319.0.38738 -Djava.net.preferIPv6Addresses=system -DignoreList=client-extra,neoforge-21.1.249.jar -DlibraryDirectory=C:\Users\saund\GamingContent\CurseForge\Install\libraries --module-path=C:\Users\saund\GamingContent\CurseForge\Install\libraries/cpw/mods/bootstraplauncher/2.0.2/bootstraplauncher-2.0.2.jar;C:\Users\saund\GamingContent\CurseForge\Install\libraries/cpw/mods/securejarhandler/3.0.8/securejarhandler-3.0.8.jar;C:\Users\saund\GamingContent\CurseForge\Install\libraries/org/ow2/asm/asm-commons/9.10.1/asm-commons-9.10.1.jar;C:\Users\saund\GamingContent\CurseForge\Install\libraries/org/ow2/asm/asm-util/9.10.1/asm-util-9.10.1.jar;C:\Users\saund\GamingContent\CurseForge\Install\libraries/org/ow2/asm/asm-analysis/9.10.1/asm-analysis-9.10.1.jar;C:\Users\saund\GamingContent\CurseForge\Install\libraries/org/ow2/asm/asm-tree/9.10.1/asm-tree-9.10.1.jar;C:\Users\saund\GamingContent\CurseForge\Install\libraries/org/ow2/asm/asm/9.10.1/asm-9.10.1.jar;C:\Users\saund\GamingContent\CurseForge\Install\libraries/net/neoforged/JarJarFileSystems/0.4.1/JarJarFileSystems-0.4.1.jar --add-modules=ALL-MODULE-PATH --add-opens=java.base/java.util.jar=cpw.mods.securejarhandler --add-opens=java.base/java.lang.invoke=cpw.mods.securejarhandler --add-exports=java.base/sun.security.util=cpw.mods.securejarhandler --add-exports=jdk.naming.dns/com.sun.jndi.dns=java.naming -Xmx8960m -Xms256m -Dfml.ignorePatchDiscrepancies=true -Dfml.ignoreInvalidMinecraftCertificates=true -DlibraryDirectory=C:\Users\saund\GamingContent\CurseForge\Install\libraries -Duser.language=en -DCFInstanceId=2e8cf633-6c67-4e46-94cc-ffd2dc14a8be -Dlog4j.configurationFile=C:\Users\saund\GamingContent\CurseForge\Install\assets\log_configs\client-1.12.xml 
java_command: cpw.mods.bootstraplauncher.BootstrapLauncher --username Benssy --version neoforge-21.1.249 --gameDir C:\Users\saund\GamingContent\CurseForge\Instances\Mingleton-Modpack --assetsDir C:\Users\saund\GamingContent\CurseForge\Install\assets --assetIndex 17 --uuid f225d7e8f62e41d68f893a20b30defb5 --accessToken eyJraWQiOiIwNDkxODEiLCJhbGciOiJSUzI1NiJ9.eyJ4dWlkIjoiMjUzNTQ0ODMyMTI5OTQ0NyIsImFnZyI6IkFkdWx0Iiwic3ViIjoiMDAwYjU4ZWUtMzk3ZC00MGE3LTgxOWMtYWIwYjM2YzJiZTM5IiwiYXV0aCI6IlhCT1giLCJwZmlkIjoiRjc3NTQ1NDU3QUZDM0I4NiIsIm5zIjoiZGVmYXVsdCIsInJvbGVzIjpbXSwiaXNzIjoiYXV0aGVudGljYXRpb24iLCJmbGFncyI6WyJtdWx0aXBsYXllciJdLCJwcm9maWxlcyI6eyJtYyI6ImYyMjVkN2U4LWY2MmUtNDFkNi04Zjg5LTNhMjBiMzBkZWZiNSJ9LCJtaWQiOiJGNzc1NDU0NTdBRkMzQjg2IiwicG1pZCI6ImY5MmIzZWFmLTgyM2UtNTY2NS1hNzkxLTM4YzY1NThhMmI5YiIsInBsYXRmb3JtIjoiUENfTEFVTkNIRVIiLCJ0aWQiOiJFOTlCMCIsInBmZCI6W3sidHlwZSI6Im1jIiwiaWQiOiJmMjI1ZDdlOC1mNjJlLTQxZDYtOGY4OS0zYTIwYjMwZGVmYjUiLCJuYW1lIjoiQmVuc3N5In1dLCJ4aWQiOiIyNTM1NDQ4MzIxMjk5NDQ3IiwibmJmIjoxNzg4NjkzNzE1LCJleHAiOjE3ODg3ODAxMTUsImlhdCI6MTc4ODY5MzcxNSwiYWlkIjoiZDViMmUwNzktMmMyYy00YWRlLTlkYWItMWMxZWIyMDQxNjJhIn0.TpITP1VNbMnXMF8zmgZB8EtPicwSnfT5ygYV7HZmYEeMBUtMs7oYbU_7QNxUcEPFlh9d8TpoIv0GZXOMFL-YXdbCu2sWHjspO4bPbfV5Rx67KJrfktqQrJoUJ9szcBi1w7wvgiEb_AbmEZCf4-93FFS11TLP6MAaM8nlN0lyKOzNT7zJJ43kSmbE3Vmlb_Pb7OwaycxRXdXVil3la3QcijCV3_fyKxi4-iJwBm2pxGjxKiUCgCgngvJXWn-zx58ExfnP85tPQAkOSqxWlao4RyRlH-bt6Q8ontUB96RnWxVVjwjO1lE0tpEjjl6EochIPHpERRaBoA40id4htf9RNQ --clientId ce0e67-35358a-1ffdba-f89ff4-7523b6 --xuid 2535448321299447 --userType msa --versionType release --width 1024 --height 768 --quickPlayPath C:\Users\saund\GamingContent\CurseForge\Quickplay\2e8cf633-6c67-4e46-94cc-ffd2dc14a8be.json    --fml.neoForgeVersion 21.1.249 --fml.fmlVersion 4.0.44 --fml.mcVersion 1.21.1 --fml.neoFormVersion 20240808.144430 --launchTarget forgeclient
java_class_path (initial): C:\Users\saund\GamingContent\CurseForge\Install\libraries\net\neoforged\fancymodloader\earlydisplay\4.0.44\earlydisplay-4.0.44.jar;C:\Users\saund\GamingContent\CurseForge\Install\libraries\net\neoforged\fancymodloader\loader\4.0.44\loader-4.0.44.jar;C:\Users\saund\GamingContent\CurseForge\Install\libraries\net\neoforged\accesstransformers\at-modlauncher\10.0.1\at-modlauncher-10.0.1.jar;C:\Users\saund\GamingContent\CurseForge\Install\libraries\net\neoforged\accesstransformers\10.0.1\accesstransformers-10.0.1.jar;C:\Users\saund\GamingContent\CurseForge\Install\libraries\net\neoforged\bus\8.0.5\bus-8.0.5.jar;C:\Users\saund\GamingContent\CurseForge\Install\libraries\net\neoforged\coremods\7.0.3\coremods-7.0.3.jar;C:\Users\saund\GamingContent\CurseForge\Install\libraries\cpw\mods\modlauncher\11.0.5\modlauncher-11.0.5.jar;C:\Users\saund\GamingContent\CurseForge\Install\libraries\net\neoforged\mergetool\2.0.0\mergetool-2.0.0-api.jar;C:\Users\saund\GamingContent\CurseForge\Install\libraries\com\electronwill\night-config\toml\3.8.3\toml-3.8.3.jar;C:\Users\saund\GamingContent\CurseForge\Install\libraries\com\electronwill\night-config\core\3.8.3\core-3.8.3.jar;C:\Users\saund\GamingContent\CurseForge\Install\libraries\net\neoforged\JarJarSelector\0.4.1\JarJarSelector-0.4.1.jar;C:\Users\saund\GamingContent\CurseForge\Install\libraries\net\neoforged\JarJarMetadata\0.4.1\JarJarMetadata-0.4.1.jar;C:\Users\saund\GamingContent\CurseForge\Install\libraries\org\apache\maven\maven-artifact\3.8.5\maven-artifact-3.8.5.jar;C:\Users\saund\GamingContent\CurseForge\Install\libraries\net\jodah\typetools\0.6.3\typetools-0.6.3.jar;C:\Users\saund\GamingContent\CurseForge\Install\libraries\net\minecrell\terminalconsoleappender\1.3.0\terminalconsoleappender-1.3.0.jar;C:\Users\saund\GamingContent\CurseForge\Install\libraries\net\fabricmc\sponge-mixin\0.15.2+mixin.0.8.7\sponge-mixin-0.15.2+mixin.0.8.7.jar;C:\Users\saund\GamingContent\CurseForge\Install\libraries\org\openjdk\nashorn\nashorn-core\15.4\nashorn-core-15.4.jar;C:\Users\saund\GamingContent\CurseForge\Install\libraries\org\apache\commons\commons-lang3\3.14.0\commons-lang3-3.14.0.jar;C:\Users\saund\GamingContent\CurseForge\Install\libraries\cpw\mods\bootstraplauncher\2.0.2\bootstraplauncher-2.0.2.jar;C:\Users\saund\GamingContent\CurseForge\Install\libraries\cpw\mods\securejarhandler\3.0.8\securejarhandler-3.0.8.jar;C:\Users\saund\GamingContent\CurseForge\Install\libraries\org\ow2\asm\asm-commons\9.10.1\asm-commons-9.10.1.jar;C:\Users\saund\GamingContent\CurseForge\Install\libraries\org\ow2\asm\asm-util\9.10.1\asm-util-9.10.1.jar;C:\Users\saund\GamingContent\CurseForge\Install\libraries\org\ow2\asm\asm-analysis\9.10.1\asm-analysis-9.10.1.jar;C:\Users\saund\GamingContent\CurseForge\Install\libraries\org\ow2\asm\asm-tree\9.10.1\asm-tree-9.10.1.jar;C:\Users\saund\GamingContent\CurseForge\Install\libraries\org\ow2\asm\asm\9.10.1\asm-9.10.1.jar;C:\Users\saund\GamingContent\CurseForge\Install\libraries\net\neoforged\JarJarFileSystems\0.4.1\JarJarFileSystems-0.4.1.jar;C:\Users\saund\GamingContent\CurseForge\Install\libraries\net\sf\jopt-simple\jopt-simple\5.0.4\jopt-simple-5.0.4.jar;C:\Users\saund\GamingContent\CurseForge\Install\libraries\org\slf4j\slf4j-api\2.0.9\slf4j-api-2.0.9.jar;C:\Users\saund\GamingContent\CurseForge\Install\libraries\org\antlr\antlr4-runtime\4.13.1\antlr4-runtime-4.13.1.jar;C:\Users\saund\GamingContent\CurseForge\Install\libraries\com\mojang\logging\1.2.7\logging-1.2.7.jar;C:\Users\saund\GamingContent\CurseForge\Install\libraries\org\apache\logging\log4j\log4j-slf4j2-impl\2.22.1\log4j-slf4j2-impl-2.22.1.jar;C:\Users\saund\GamingContent\CurseForge\Install\libraries\org\apache\logging\log4j\log4j-core\2.22.1\log4j-core-2.22.1.jar;C:\Users\saund\GamingContent\CurseForge\Install\libraries\org\apache\logging\log4j\log4j-api\2.22.1\log4j-api-2.22.1.jar;C:\Users\saund\GamingContent\CurseForge\Install\libraries\org\jline\jline-reader\3.20.0\jline-reader-3.20.0.jar;C:\Users\saund\GamingContent\CurseForge\Install\libraries\org\jline\jline-terminal\3.20.0\jline-terminal-3.20.0.jar;C:\Users\saund\GamingContent\CurseForge\Install\libraries\commons-io\commons-io\2.15.1\commons-io-2.15.1.jar;C:\Users\saund\GamingContent\CurseForge\Install\libraries\net\minecraftforge\srgutils\0.4.15\srgutils-0.4.15.jar;C:\Users\saund\GamingContent\CurseForge\Install\libraries\com\google\guava\guava\32.1.2-jre\guava-32.1.2-jre.jar;C:\Users\saund\GamingContent\CurseForge\Install\libraries\com\google\guava\failureaccess\1.0.1\failureaccess-1.0.1.jar;C:\Users\saund\GamingContent\CurseForge\Install\libraries\com\google\guava\listenablefuture\9999.0-empty-to-avoid-conflict-with-guava\listenablefuture-9999.0-empty-to-avoid-conflict-with-guava.jar;C:\Users\saund\GamingContent\CurseForge\Install\libraries\com\google\code\findbugs\jsr305\3.0.2\jsr305-3.0.2.jar;C:\Users\saund\GamingContent\CurseForge\Install\libraries\org\checkerframework\checker-qual\3.33.0\checker-qual-3.33.0.jar;C:\Users\saund\GamingContent\CurseForge\Install\libraries\com\google\errorprone\error_prone_annotations\2.18.0\error_prone_annotations-2.18.0.jar;C:\Users\saund\GamingContent\CurseForge\Install\libraries\com\google\j2objc\j2objc-annotations\2.8\j2objc-annotations-2.8.jar;C:\Users\saund\GamingContent\CurseForge\Install\libraries\com\google\code\gson\gson\2.10.1\gson-2.10.1.jar;C:\Users\saund\GamingContent\CurseForge\Install\libraries\org\codehaus\plexus\plexus-utils\3.3.0\plexus-utils-3.3.0.jar;C:\Users\saund\GamingContent\CurseForge\Install\libraries\com\machinezoo\noexception\noexception\1.7.1\noexception-1.7.1.jar;C:\Users\saund\GamingContent\CurseForge\Install\libraries\com\github\oshi\oshi-core\6.4.10\oshi-core-6.4.10.jar;C:\Users\saund\GamingContent\CurseForge\Install\libraries\com\ibm\icu\icu4j\73.2\icu4j-73.2.jar;C:\Users\saund\GamingContent\CurseForge\Install\libraries\com\mojang\authlib\6.0.54\authlib-6.0.54.jar;C:\Users\saund\GamingContent\CurseForge\Install\libraries\com\mojang\blocklist\1.0.10\blocklist-1.0.10.jar;C:\Users\saund\GamingContent\CurseForge\Install\libraries\com\mojang\brigadier\1.3.10\brigadier-1.3.10.jar;C:\Users\saund\GamingContent\CurseForge\Install\libraries\com\mojang\datafixerupper\8.0.16\datafixerupper-8.0.16.jar;C:\Users\saund\GamingContent\CurseForge\Install\libraries\com\mojang\patchy\2.2.10\patchy-2.2.10.jar;C:\Users\saund\GamingContent\CurseForge\Install\libraries\com\mojang\text2speech\1.17.9\text2speech-1.17.9.jar;C:\Users\saund\GamingContent\CurseForge\Install\libraries\commons-codec\commons-codec\1.16.0\commons-codec-1.16.0.jar;C:\Users\saund\GamingContent\CurseForge\Install\libraries\commons-logging\commons-logging\1.2\commons-logging-1.2.jar;C:\Users\saund\GamingContent\CurseForge\Install\libraries\io\netty\netty-buffer\4.1.97.Final\netty-buffer-4.1.97.Final.jar;C:\Users\saund\GamingContent\CurseForge\Install\libraries\io\netty\netty-codec\4.1.97.Final\netty-codec-4.1.97.Final.jar;C:\Users\saund\GamingContent\CurseForge\Install\libraries\io\netty\netty-common\4.1.97.Final\netty-common-4.1.97.Final.jar;C:\Users\saund\GamingContent\CurseForge\Install\libraries\io\netty\netty-handler\4.1.97.Final\netty-handler-4.1.97.Final.jar;C:\Users\saund\GamingContent\CurseForge\Install\libraries\io\netty\netty-resolver\4.1.97.Final\netty-resolver-4.1.97.Final.jar;C:\Users\saund\GamingContent\CurseForge\Install\libraries\io\netty\netty-transport-classes-epoll\4.1.97.Final\netty-transport-classes-epoll-4.1.97.Final.jar;C:\Users\saund\GamingContent\CurseForge\Install\libraries\io\netty\netty-transport-native-unix-common\4.1.97.Final\netty-transport-native-unix-common-4.1.97.Final.jar;C:\Users\saund\GamingContent\CurseForge\Install\libraries\io\netty\netty-transport\4.1.97.Final\netty-transport-4.1.97.Final.jar;C:\Users\saund\GamingContent\CurseForge\Install\libraries\it\unimi\dsi\fastutil\8.5.12\fastutil-8.5.12.jar;C:\Users\saund\GamingContent\CurseForge\Install\libraries\net\java\dev\jna\jna-platform\5.14.0\jna-platform-5.14.0.jar;C:\Users\saund\GamingContent\CurseForge\Install\libraries\net\java\dev\jna\jna\5.14.0\jna-5.14.0.jar;C:\Users\saund\GamingContent\CurseForge\Install\libraries\org\apache\commons\commons-compress\1.26.0\commons-compress-1.26.0.jar;C:\Users\saund\GamingContent\CurseForge\Install\libraries\org\apache\httpcomponents\httpclient\4.5.13\httpclient-4.5.13.jar;C:\Users\saund\GamingContent\CurseForge\Install\libraries\org\apache\httpcomponents\httpcore\4.4.16\httpcore-4.4.16.jar;C:\Users\saund\GamingContent\CurseForge\Install\libraries\org\jcraft\jorbis\0.0.17\jorbis-0.0.17.jar;C:\Users\saund\GamingContent\CurseForge\Install\libraries\org\joml\joml\1.10.5\joml-1.10.5.jar;C:\Users\saund\GamingContent\CurseForge\Install\libraries\org\lwjgl\lwjgl-freetype\3.3.3\lwjgl-freetype-3.3.3.jar;C:\Users\saund\GamingContent\CurseForge\Install\libraries\org\lwjgl\lwjgl-freetype\3.3.3\lwjgl-freetype-3.3.3-natives-windows.jar;C:\Users\saund\GamingContent\CurseForge\Install\libraries\org\lwjgl\lwjgl-freetype\3.3.3\lwjgl-freetype-3.3.3-natives-windows-arm64.jar;C:\Users\saund\GamingContent\CurseForge\Install\libraries\org\lwjgl\lwjgl-freetype\3.3.3\lwjgl-freetype-3.3.3-natives-windows-x86.jar;C:\Users\saund\GamingContent\CurseForge\Install\libraries\org\lwjgl\lwjgl-glfw\3.3.3\lwjgl-glfw-3.3.3.jar;C:\Users\saund\GamingContent\CurseForge\Install\libraries\org\lwjgl\lwjgl-glfw\3.3.3\lwjgl-glfw-3.3.3-natives-windows.jar;C:\Users\saund\GamingContent\CurseForge\Install\libraries\org\lwjgl\lwjgl-glfw\3.3.3\lwjgl-glfw-3.3.3-natives-windows-arm64.jar;C:\Users\saund\GamingContent\CurseForge\Install\libraries\org\lwjgl\lwjgl-glfw\3.3.3\lwjgl-glfw-3.3.3-natives-windows-x86.jar;C:\Users\saund\GamingContent\CurseForge\Install\libraries\org\lwjgl\lwjgl-jemalloc\3.3.3\lwjgl-jemalloc-3.3.3.jar;C:\Users\saund\GamingContent\CurseForge\Install\libraries\org\lwjgl\lwjgl-jemalloc\3.3.3\lwjgl-jemalloc-3.3.3-natives-windows.jar;C:\Users\saund\GamingContent\CurseForge\Install\libraries\org\lwjgl\lwjgl-jemalloc\3.3.3\lwjgl-jemalloc-3.3.3-natives-windows-arm64.jar;C:\Users\saund\GamingContent\CurseForge\Install\libraries\org\lwjgl\lwjgl-jemalloc\3.3.3\lwjgl-jemalloc-3.3.3-natives-windows-x86.jar;C:\Users\saund\GamingContent\CurseForge\Install\libraries\org\lwjgl\lwjgl-openal\3.3.3\lwjgl-openal-3.3.3.jar;C:\Users\saund\GamingContent\CurseForge\Install\libraries\org\lwjgl\lwjgl-openal\3.3.3\lwjgl-openal-3.3.3-natives-windows.jar;C:\Users\saund\GamingContent\CurseForge\Install\libraries\org\lwjgl\lwjgl-openal\3.3.3\lwjgl-openal-3.3.3-natives-windows-arm64.jar;C:\Users\saund\GamingContent\CurseForge\Install\libraries\org\lwjgl\lwjgl-openal\3.3.3\lwjgl-openal-3.3.3-natives-windows-x86.jar;C:\Users\saund\GamingContent\CurseForge\Install\libraries\org\lwjgl\lwjgl-opengl\3.3.3\lwjgl-opengl-3.3.3.jar;C:\Users\saund\GamingContent\CurseForge\Install\libraries\org\lwjgl\lwjgl-opengl\3.3.3\lwjgl-opengl-3.3.3-natives-windows.jar;C:\Users\saund\GamingContent\CurseForge\Install\libraries\org\lwjgl\lwjgl-opengl\3.3.3\lwjgl-opengl-3.3.3-natives-windows-arm64.jar;C:\Users\saund\GamingContent\CurseForge\Install\libraries\org\lwjgl\lwjgl-opengl\3.3.3\lwjgl-opengl-3.3.3-natives-windows-x86.jar;C:\Users\saund\GamingContent\CurseForge\Install\libraries\org\lwjgl\lwjgl-stb\3.3.3\lwjgl-stb-3.3.3.jar;C:\Users\saund\GamingContent\CurseForge\Install\libraries\org\lwjgl\lwjgl-stb\3.3.3\lwjgl-stb-3.3.3-natives-windows.jar;C:\Users\saund\GamingContent\CurseForge\Install\libraries\org\lwjgl\lwjgl-stb\3.3.3\lwjgl-stb-3.3.3-natives-windows-arm64.jar;C:\Users\saund\GamingContent\CurseForge\Install\libraries\org\lwjgl\lwjgl-stb\3.3.3\lwjgl-stb-3.3.3-natives-windows-x86.jar;C:\Users\saund\GamingContent\CurseForge\Install\libraries\org\lwjgl\lwjgl-tinyfd\3.3.3\lwjgl-tinyfd-3.3.3.jar;C:\Users\saund\GamingContent\CurseForge\Install\libraries\org\lwjgl\lwjgl-tinyfd\3.3.3\lwjgl-tinyfd-3.3.3-natives-windows.jar;C:\Users\saund\GamingContent\CurseForge\Install\libraries\org\lwjgl\lwjgl-tinyfd\3.3.3\lwjgl-tinyfd-3.3.3-natives-windows-arm64.jar;C:\Users\saund\GamingContent\CurseForge\Install\libraries\org\lwjgl\lwjgl-tinyfd\3.3.3\lwjgl-tinyfd-3.3.3-natives-windows-x86.jar;C:\Users\saund\GamingContent\CurseForge\Install\libraries\org\lwjgl\lwjgl\3.3.3\lwjgl-3.3.3.jar;C:\Users\saund\GamingContent\CurseForge\Install\libraries\org\lwjgl\lwjgl\3.3.3\lwjgl-3.3.3-natives-windows.jar;C:\Users\saund\GamingContent\CurseForge\Install\libraries\org\lwjgl\lwjgl\3.3.3\lwjgl-3.3.3-natives-windows-arm64.jar;C:\Users\saund\GamingContent\CurseForge\Install\libraries\org\lwjgl\lwjgl\3.3.3\lwjgl-3.3.3-natives-windows-x86.jar;C:\Users\saund\GamingContent\CurseForge\Install\libraries\org\lz4\lz4-java\1.8.0\lz4-java-1.8.0.jar;C:\Users\saund\GamingContent\CurseForge\Install\versions\neoforge-21.1.249\neoforge-21.1.249.jar
Launcher Type: SUN_STANDARD

[Global flags]
     intx CICompilerCount                          = 12                                        {product} {ergonomic}
     uint ConcGCThreads                            = 3                                         {product} {ergonomic}
     uint G1ConcRefinementThreads                  = 13                                        {product} {ergonomic}
   size_t G1HeapRegionSize                         = 8388608                                   {product} {ergonomic}
    uintx GCDrainStackTargetSize                   = 64                                        {product} {ergonomic}
    ccstr HeapDumpPath                             = MojangTricksIntelDriversForPerformance_javaw.exe_minecraft.exe.heapdump         {manageable} {command line}
   size_t InitialHeapSize                          = 268435456                                 {product} {command line}
   size_t MarkStackSize                            = 4194304                                   {product} {ergonomic}
   size_t MaxHeapSize                              = 9395240960                                {product} {command line}
   size_t MaxNewSize                               = 5637144576                                {product} {ergonomic}
   size_t MinHeapDeltaBytes                        = 8388608                                   {product} {ergonomic}
   size_t MinHeapSize                              = 268435456                                 {product} {command line}
    uintx NonNMethodCodeHeapSize                   = 7602480                                {pd product} {ergonomic}
    uintx NonProfiledCodeHeapSize                  = 122027880                              {pd product} {ergonomic}
    uintx ProfiledCodeHeapSize                     = 122027880                              {pd product} {ergonomic}
    uintx ReservedCodeCacheSize                    = 251658240                              {pd product} {ergonomic}
     bool SegmentedCodeCache                       = true                                      {product} {ergonomic}
   size_t SoftMaxHeapSize                          = 9395240960                             {manageable} {ergonomic}
     intx ThreadStackSize                          = 1024                                   {pd product} {command line}
     bool UseCompressedOops                        = true                           {product lp64_product} {ergonomic}
     bool UseG1GC                                  = true                                      {product} {ergonomic}
     bool UseLargePagesIndividualAllocation        = false                                  {pd product} {ergonomic}

Logging:
Log output configuration:
 #0: stdout all=warning uptime,level,tags foldmultilines=false
 #1: stderr all=off uptime,level,tags foldmultilines=false

Release file:
IMPLEMENTOR="Eclipse Adoptium" 
IMPLEMENTOR_VERSION="Temurin-21.0.11+10" 
JAVA_RUNTIME_VERSION="21.0.11+10-LTS" 
JAVA_VERSION="21.0.11" 
JAVA_VERSION_DATE="2026-04-21" 
LIBC="default" 
MODULES="java.base java.compiler java.datatransfer java.xml java.prefs java.desktop java.instrument java.logging java.management java.security.sasl java.naming java.rmi java.management.rmi java.net.http java.scripting java.security.jgss java.transaction.xa java.sql java.sql.rowset java.xml.crypto java.se java.smartcardio jdk.accessibility jdk.internal.jvmstat jdk.attach jdk.charsets jdk.internal.opt jdk.zipfs jdk.compiler jdk.crypto.ec jdk.crypto.cryptoki jdk.crypto.mscapi jdk.dynalink jdk.internal.ed jdk.editpad jdk.hotspot.agent jdk.httpserver jdk.incubator.vector jdk.internal.le jdk.internal.vm.ci jdk.internal.vm.compiler jdk.internal.vm.compiler.management jdk.jartool jdk.javadoc jdk.jcmd jdk.management jdk.management.agent jdk.jconsole jdk.jdeps jdk.jdwp.agent jdk.jdi jdk.jfr jdk.jlink jdk.jpackage jdk.jshell jdk.jsobject jdk.jstatd jdk.localedata jdk.management.jfr jdk.naming.dns jdk.naming.rmi jdk.net jdk.nio.mapmode jdk.random jdk.sctp jdk.security.auth jdk.security.jgss jdk.unsupported jdk.unsupported.desktop jdk.xml.dom" 
OS_ARCH="x86_64" 
OS_NAME="Windows" 
SOURCE=".:git:254494ad7d75" 
BUILD_SOURCE="git:a612825ee82a20ac872d60958c349854c1f29a8e"
BUILD_SOURCE_REPO="https://github.com/adoptium/temurin-build.git"
SOURCE_REPO="https://github.com/adoptium/jdk21u.git"
FULL_VERSION="21.0.11+10-LTS"
SEMANTIC_VERSION="21.0.11+10"
BUILD_INFO="OS: Windows Server 2022 Version: 10.0"
JVM_VARIANT="Hotspot"
JVM_VERSION="21.0.11+10-LTS"
IMAGE_TYPE="JRE"

Environment Variables:
JAVA_HOME=C:\Program Files\Microsoft\jdk-25.0.4.101-hotspot
PATH=C:\Program Files\Microsoft\jdk-25.0.4.101-hotspot\bin;C:\Program Files\NVIDIA GPU Computing Toolkit\CUDA\v13.2\bin\x64;C:\Program Files\NVIDIA GPU Computing Toolkit\CUDA\v13.2\bin;C:\Program Files\NVIDIA GPU Computing Toolkit\CUDA\v13.0\bin\x64;C:\Program Files\NVIDIA GPU Computing Toolkit\CUDA\v13.0\bin;C:\Program Files\Common Files\Oracle\Java\javapath;C:\Python313\Scripts\;C:\Python313\;C:\Program Files (x86)\Common Files\Oracle\Java\java8path;C:\Program Files (x86)\Common Files\Oracle\Java\javapath;C:\Windows\system32;C:\Windows;C:\Windows\System32\Wbem;C:\Windows\System32\WindowsPowerShell\v1.0\;C:\Windows\System32\OpenSSH\;C:\Program Files\PuTTY\;C:\Program Files\Microsoft VS Code\bin;C:\Program Files (x86)\NVIDIA Corporation\PhysX\Common;C:\Program Files\Git\cmd;C:\Program Files\nodejs\;C:\ProgramData\chocolatey\bin;C:\AppData\Local\Programs\Microsoft VS Code\bin;C:\intelFPGA_lite\18.1\quartus\bin64;C:\Users\saund\Downloads\ffmpeg-master-latest-win64-gpl-shared\bin;C:\Windows\system32\config\systemprofile\AppData\Local\Muse Hub\lib;C:\Program Files\dotnet\;C:\Program Files\NVIDIA Corporation\Nsight Compute 2026.1.1\;C:\Program Files (x86)\Windows Kits\10\Windows Performance Toolkit\;C:\Users\saund\.local\bin;C:\Users\saund\AppData\Local\Microsoft\WindowsApps;C:\Users\saund\AppData\Roaming\npm;C:\intelFPGA_lite\18.1\modelsim_ase\win32aloem;C:\Users\saund\AppData\Local\GitHubDesktop\bin;C:\Users\saund\AppData\Local\Unity\bin;C:\Users\saund\.dotnet\tools
USERNAME=saund
OS=Windows_NT
PROCESSOR_IDENTIFIER=Intel64 Family 6 Model 165 Stepping 5, GenuineIntel
TMP=C:\Users\saund\AppData\Local\Temp
TEMP=C:\Users\saund\AppData\Local\Temp




Periodic native trim disabled

---------------  S Y S T E M  ---------------

OS:
 Windows 10 , 64 bit Build 19041 (10.0.19041.5915)
OS uptime: 0 days 10:10 hours

CPU: total 16 (initial active 16) (8 cores per cpu, 2 threads per core) family 6 model 165 stepping 5 microcode 0xfa, cx8, cmov, fxsr, ht, mmx, 3dnowpref, sse, sse2, sse3, ssse3, sse4.1, sse4.2, popcnt, lzcnt, tsc, tscinvbit, avx, avx2, aes, erms, clmul, bmi1, bmi2, adx, fma, vzeroupper, clflush, clflushopt, rdtscp, f16c, pku
Processor Information for the first 16 processors :
  Max Mhz: 3792, Current Mhz: 3792, Mhz Limit: 3792

Memory: 4k page, system-wide physical 32660M (5013M free)
TotalPageFile size 47175M (AvailPageFile size 6622M)
current process WorkingSet (physical memory assigned to process): 9953M, peak: 10005M
current process commit charge ("private bytes"): 13108M, peak: 13115M

vm_info: OpenJDK 64-Bit Server VM (21.0.11+10-LTS) for windows-amd64 JRE (21.0.11+10-LTS), built on 2026-04-21T00:00:00Z by "admin" with MS VC++ 17.12 (VS2022)

END.
